"","lambda","par","df","r2","aicc","bic"
"seg1",0.181650795132847,1,1,0,-6411.86657539902,3597.39342821307
"seg2",0.179983751254166,2,2,0.00134401874927492,-6420.62495698184,3601.55773977872
"seg3",0.178332006154064,2,2,0.00266348206178224,-6431.20185849019,3596.82296940603
"seg4",0.176695419432741,2,2,0.00395883856927537,-6441.59913907166,3592.17470404267
"seg5",0.175073851978875,2,2,0.00523052870692686,-6451.81962143971,3587.61136322832
"seg6",0.173467165957792,2,2,0.00647898486306508,-6461.86609164099,3583.13139537801
"seg7",0.171875224799755,2,2,0.00770463152626011,-6471.74129926998,3578.73327725432
"seg8",0.170297893188352,2,2,0.00890788542958054,-6481.44795769128,3574.41551344969
"seg9",0.168735037048998,2,2,0.0100891556923066,-6490.98874427066,3570.17663587797
"seg10",0.167186523537533,2,2,0.0112488439590525,-6500.36630061392,3566.01520327511
"seg11",0.165652221028934,2,2,0.0123873445363489,-6509.58323281317,3561.92980070909
"seg12",0.164131999106127,2,2,0.0135050445266273,-6518.64211169913,3557.91903909915
"seg13",0.1626257285489,2,2,0.0146023239599454,-6527.54547310159,3553.98155474305
"seg14",0.161133281322917,2,2,0.0156795559231283,-6536.29581811455,3550.11600885371
"seg15",0.159654530568841,3,3,0.0169434703174406,-6544.57329947672,3554.56776738588
"seg16",0.158189350591545,3,3,0.0181873451557883,-6554.70221809835,3550.10423916488
"seg17",0.156737616849431,3,3,0.0194072290074561,-6564.64824855861,3545.72680034998
"seg18",0.155299205943842,4,4,0.0206553969908165,-6572.83570027846,3550.23506340132
"seg19",0.153873995608576,4,4,0.0219613160151538,-6583.51051681974,3545.5488954367
"seg20",0.152461864699488,4,4,0.0232367675202725,-6593.95005384185,3540.97205730789
"seg21",0.151062693184198,4,4,0.0244885103453025,-6604.20879853485,3536.48029555445
"seg22",0.149676362131886,4,4,0.025717373642398,-6614.29284545827,3532.07063484163
"seg23",0.148302753703182,4,4,0.0269237857772298,-6624.20503843703,3527.74153801937
"seg24",0.146941751140151,4,4,0.0281081569074111,-6633.94809840858,3523.49153327554
"seg25",0.145593238756366,4,4,0.0292708897083452,-6643.52471035859,3519.31917564723
"seg26",0.14425710192708,4,4,0.0304123795121936,-6652.93752357556,3515.22304652203
"seg27",0.142933227079475,4,4,0.0315330144289822,-6662.18915178607,3511.20175320351
"seg28",0.141621501683014,4,4,0.0326331919694509,-6671.28230978386,3507.25386926165
"seg29",0.140321814239875,4,4,0.0337132852305597,-6680.21953342361,3503.378055873
"seg30",0.139034054275472,4,4,0.0347736459201897,-6689.00320308243,3499.57305096681
"seg31",0.137758112329065,4,4,0.035814633674973,-6697.63578549942,3495.83756402075
"seg32",0.136493879944457,4,4,0.0368366024175923,-6706.11972038478,3492.17032501644
"seg33",0.135241249660772,4,4,0.0378406697063989,-6714.46381659509,3488.56732370055
"seg34",0.134000115003324,4,4,0.0388266093138872,-6722.66574386931,3485.02937186926
"seg35",0.132770370474568,4,4,0.0397945423515719,-6730.72606467824,3481.55603492527
"seg36",0.131551911545126,4,4,0.040755265692055,-6738.73438643401,3478.10856930363
"seg37",0.130344634644908,5,5,0.0416835944142737,-6744.47779638631,3483.7645455527
"seg38",0.129148437154306,5,5,0.0426534292398825,-6752.57805135134,3480.28438422107
"seg39",0.127963217395472,5,5,0.0436033411156566,-6760.51986456073,3476.87571452677
"seg40",0.126788874623675,5,5,0.0445357368091376,-6768.32290719117,3473.52990001015
"seg41",0.125625309018736,5,5,0.0454511010831833,-6775.99082791368,3470.24520114518
"seg42",0.124472421676548,5,5,0.0463497499562395,-6783.52588160014,3467.02048392927
"seg43",0.123330114600662,5,5,0.0472319822018028,-6790.93019427107,3463.85467624175
"seg44",0.122198290693964,5,5,0.0480980959427867,-6798.20590154817,3460.74670829651
"seg45",0.121076853750416,5,5,0.0489483855620702,-6805.35512231563,3457.69552372819
"seg46",0.119965708446885,5,5,0.0497831402331851,-6812.37994588855,3454.70008486467
"seg47",0.118864760335032,5,5,0.0506026438025643,-6819.28243051585,3451.75937314966
"seg48",0.117773915833292,5,5,0.0514071749119642,-6826.06460391606,3448.87238870334
"seg49",0.116693082218913,5,5,0.0521970071100196,-6832.72846373889,3446.03814992209
"seg50",0.115622167620079,5,5,0.0529724089479401,-6839.27597790949,3443.25569313506
"seg51",0.1145610810081,5,5,0.0537336440706949,-6845.70908495017,3440.52407227701
"seg52",0.11350973218967,5,5,0.0544809713064193,-6852.02969430194,3437.84235856745
"seg53",0.112468031799209,5,5,0.0552146447544432,-6858.23968664897,3435.20964019475
"seg54",0.111435891291257,5,5,0.055934913871639,-6864.3409142429,3432.62502200633
"seg55",0.110413222932957,5,5,0.0566420235572673,-6870.33520122802,3430.08762520414
"seg56",0.109399939796589,5,5,0.0573362142362339,-6876.22434396625,3427.59658704596
"seg57",0.108395955752189,5,5,0.0580177219408542,-6882.01011136233,3425.15106055196
"seg58",0.107401185460221,5,5,0.058686778391094,-6887.69424518842,3422.75021421677
"seg59",0.106415544364328,5,5,0.0593436110733561,-6893.27846040851,3420.39323172676
"seg60",0.105438948684142,5,5,0.059988443317823,-6898.7644455022,3418.07931168251
"seg61",0.104471315408163,5,5,0.0606214943744134,-6904.15386278797,3415.80766732625
"seg62",0.103512562286705,5,5,0.0612429794873004,-6909.44834874532,3413.57752627445
"seg63",0.102562607824901,5,5,0.0618531099681225,-6914.64951433625,3411.38813025511
"seg64",0.101621371275779,6,6,0.0624609849832309,-6917.83181421336,3418.19402458364
"seg65",0.100688772633397,6,6,0.0630831007353492,-6923.14207641986,3415.9616205421
"seg66",0.0997647326260433,6,6,0.0636760768617423,-6928.20689148567,3413.83378131508
"seg67",0.0988491727094963,6,6,0.0642549643840565,-6933.15446599083,3411.75649772273
"seg68",0.0979420150603511,7,7,0.0648976483148228,-6936.64737064251,3418.43748352142
"seg69",0.0970431825694023,7,7,0.0656682634832884,-6943.24286575605,3415.67220324889
"seg70",0.0961525988350907,7,7,0.0664302290563721,-6949.76968197034,3412.93796123833
"seg71",0.0952701881570086,7,7,0.0671799967627432,-6956.19721608631,3410.24749012869
"seg72",0.0943958755294651,7,7,0.0679165326029821,-6962.51634961902,3407.60450032993
"seg73",0.0935295866351111,7,7,0.0686397057771837,-6968.72569792694,3405.00946120525
"seg74",0.0926712478386217,7,7,0.0693496748552526,-6974.82636442231,3402.46180374141
"seg75",0.0918207861804377,7,7,0.070046604004912,-6980.81950889975,3399.96093883794
"seg76",0.0909781293705632,7,7,0.0707307111993511,-6986.70676258621,3397.50608431847
"seg77",0.0901432057824217,7,7,0.0714033625090125,-6992.49965715009,3395.09233816733
"seg78",0.0893159444467672,8,8,0.07210363034961,-6996.53083978662,3401.56668950515
"seg79",0.0884962750456521,8,8,0.0727928147936207,-7002.47495626605,3399.09361575168
"seg80",0.0876841279064498,8,8,0.0734707645311575,-7008.32648734847,3396.66085668893
"seg81",0.0868794339959329,8,8,0.074136908226096,-7014.08028983497,3394.27046250301
"seg82",0.0860821249144048,8,8,0.0747910570959621,-7019.73451730828,3391.92311062213
"seg83",0.085292132889886,8,8,0.075433295384431,-7025.28968452123,3389.61849874575
"seg84",0.0845093907723534,8,8,0.0760638062421832,-7030.74716804703,3387.35596965483
"seg85",0.0837338320280324,8,8,0.0766827975129775,-7036.10856606829,3385.13477752153
"seg86",0.0829653907337415,8,8,0.0772904791910168,-7041.37550347343,3382.95416880135
"seg87",0.0822040015712887,8,8,0.0778870581739652,-7046.54958621214,3380.81340106142
"seg88",0.0814495998219194,9,9,0.0784783114178049,-7049.67627518432,3387.67894105756
"seg89",0.0807021213608157,9,9,0.0790735862188834,-7054.84570011219,3385.54285325198
"seg90",0.0799615026516448,9,9,0.0796463319991673,-7059.82263592482,3383.487608725
"seg91",0.0792276807411594,9,9,0.0802073383104552,-7064.70056389929,3381.47449018173
"seg92",0.0785005932538457,9,9,0.0807605899442317,-7069.51397990408,3379.48919857156
"seg93",0.0777801783866222,9,9,0.0813040556576293,-7074.24507757135,3377.53902281905
"seg94",0.0770663749035858,9,9,0.0818376001152739,-7078.89252988537,3375.62444856252
"seg95",0.0763591221308069,9,9,0.0823613772611821,-7083.4575314616,3373.74492338828
"seg96",0.0756583599511724,9,9,0.0828755745064002,-7087.9415743176,3371.89977478937
"seg97",0.074964028799275,9,9,0.0833803736265816,-7092.34610728321,3370.08835048091
"seg98",0.0742760696563506,9,9,0.0838759490110561,-7096.6725204324,3368.31002468314
"seg99",0.0735944240452616,9,9,0.0843624699721506,-7100.92216495013,3366.56418983464
"seg100",0.0729190340255262,9,9,0.0848398635773187,-7105.09427964952,3364.85110764703
"seg101",0.0722498421883932,9,9,0.0853078390025658,-7109.18619842229,3363.17182171494
"seg102",0.0715867916519627,9,9,0.0857662653801595,-7113.19665188718,3361.52680164494
"seg103",0.0709298260563508,10,10,0.0862266205570397,-7115.22099356177,3368.86205708024
"seg104",0.0702788895588986,10,10,0.0866877384936873,-7119.25905668134,3367.20737860296
"seg105",0.0696339268294264,10,10,0.0871412708380904,-7123.23268111012,3365.57992031217
"seg106",0.0689948830455297,10,10,0.0875906866582866,-7127.17218648741,3363.96723378249
"seg107",0.0683617038879198,11,11,0.0883305011274695,-7131.65599534683,3370.29967575186
"seg108",0.0677343355358064,11,11,0.0891059938426659,-7138.46392503362,3367.51689286025
"seg109",0.0671127246623228,11,11,0.0898827586077837,-7145.28883455155,3364.72954533678
"seg110",0.0664968184299932,11,11,0.0906511200524959,-7152.04564288231,3361.97235234061
"seg111",0.0658865644862412,11,11,0.0914075038397465,-7158.70270094447,3359.25814004512
"seg112",0.06528191095894,11,11,0.0921727766783546,-7165.44363532812,3356.51203022234
"seg113",0.0646828064520033,12,12,0.0929121394397603,-7169.95572518685,3362.84609310271
"seg114",0.0640892000410163,12,12,0.0936267358834252,-7176.26054393088,3360.28183077134
"seg115",0.0635010412689073,12,12,0.0943295336174165,-7182.46611398332,3357.75990700327
"seg116",0.0629182801416587,13,13,0.0950229766930586,-7186.58728948444,3364.25874837019
"seg117",0.0623408671240575,13,13,0.0957193262808048,-7192.74539176716,3361.75996317029
"seg118",0.0617687531354849,13,13,0.0964107630980179,-7198.8647422524,3359.27880698679
"seg119",0.061201889545744,13,13,0.0971036006583749,-7205.0011882262,3356.79262436786
"seg120",0.0606402281709267,13,13,0.0977885175136478,-7211.07211081237,3354.33486445641
"seg121",0.0600837212693178,13,13,0.0984679223427953,-7217.09873123705,3351.89688393386
"seg122",0.0595323215373367,13,13,0.0991359781526153,-7223.02911105175,3349.49962830299
"seg123",0.0589859821055168,14,14,0.0999751150165542,-7228.47740536942,3355.4756611721
"seg124",0.0584446565345216,14,14,0.10082107709818,-7236.00039650814,3352.44000556687
"seg125",0.0579082988111973,14,14,0.101650896159183,-7243.38671022437,3349.46227767744
"seg126",0.0573768633446613,14,14,0.10246044073485,-7250.59913622498,3346.55730287753
"seg127",0.0568503049624274,14,14,0.103262546844045,-7257.75170994307,3343.67902031705
"seg128",0.0563285789065658,14,14,0.104048849871568,-7264.76957641699,3340.85744563333
"seg129",0.0558116408298988,14,14,0.104815689824015,-7271.61966691026,3338.10571236948
"seg130",0.0552994467922311,14,14,0.105570345432376,-7278.36664736937,3335.39770148189
"seg131",0.0547919532566149,14,14,0.106316846158343,-7285.04632230554,3332.71895362509
"seg132",0.0542891170856495,14,14,0.107043470062799,-7291.55350067947,3330.11153187846
"seg133",0.0537908955378139,14,14,0.107758376071404,-7297.96091081731,3327.54615870232
"seg134",0.0532972462638345,14,14,0.108460633246534,-7304.25995506169,3325.02617467905
"seg135",0.052808127303085,13,13,0.109112589430322,-7312.11927570185,3313.69949422588
"seg136",0.0523234970800197,12,12,0.109708885691402,-7319.48221213396,3302.57254418621
"seg137",0.0518433144006394,12,12,0.110337078783472,-7325.12903766419,3300.31833218011
"seg138",0.0513675384489903,12,12,0.110956216516839,-7330.69836739561,3298.0966144796
"seg139",0.0508961287836944,12,12,0.111560421186312,-7336.1371103335,3295.92848267863
"seg140",0.0504290453345117,12,12,0.112151745642263,-7341.46349464353,3293.80657031612
"seg141",0.0499662483989345,12,12,0.112732174444033,-7346.69518696179,3291.72375598696
"seg142",0.0495076986388126,12,12,0.113302467410485,-7351.83885435962,3289.67731315243
"seg143",0.0490533570770095,13,13,0.113875865006113,-7355.00734355609,3296.60692646788
"seg144",0.0486031850940892,13,13,0.114504292800892,-7360.68285299594,3294.35187225311
"seg145",0.0481571444250337,13,13,0.115131668025015,-7366.35287553596,3292.10059508945
"seg146",0.0477151971559903,13,13,0.115754019518639,-7371.98146846444,3289.86734511161
"seg147",0.0472773057210489,13,13,0.116368414994376,-7377.5419938082,3287.66264455793
"seg148",0.046843432899049,13,13,0.116972705119869,-7383.01483437467,3285.49420610605
"seg149",0.0464135418104156,13,13,0.117565914516926,-7388.39096483874,3283.36552980913
"seg150",0.0459875959140247,13,13,0.118147933840673,-7393.66919564563,3281.27700804101
"seg151",0.0455655590040972,13,13,0.11871904147651,-7398.85185762578,3279.22764184177
"seg152",0.0451473952071211,13,13,0.119279585529569,-7403.94192468757,3277.2161820688
"seg153",0.0447330689788026,14,14,0.119830293595574,-7406.9388122285,3284.22721463373
"seg154",0.0443225451010447,14,14,0.120374906194304,-7411.89041332246,3282.27292339076
"seg155",0.0439157886789534,14,14,0.120910612138139,-7416.76402723523,3280.35059284371
"seg156",0.0435127651378719,14,14,0.121436935237397,-7421.55517341846,3278.4619317546
"seg157",0.0431134402204415,14,14,0.121953556138398,-7426.2607921765,3276.60808609418
"seg158",0.0427177799836899,14,14,0.122460689886845,-7430.88269126772,3274.78828419111
"seg159",0.0423257507961458,14,14,0.122958589979066,-7435.4230362048,3273.00161639757
"seg160",0.0419373193349804,14,14,0.123447444597439,-7439.88340402701,3271.24740743876
"seg161",0.0415524525831748,14,14,0.123927403544212,-7444.2650274062,3269.52511976334
"seg162",0.0411711178267136,14,14,0.124398609308798,-7448.56907740098,3267.83424206143
"seg163",0.040793282651804,14,14,0.124861209295172,-7452.79677493879,3266.17424538769
"seg164",0.0404189149421208,15,15,0.125321701580892,-7454.99990870145,3273.50900882077
"seg165",0.0400479828760766,15,15,0.125819642154309,-7459.55547947981,3271.72219576425
"seg166",0.0396804549241165,15,15,0.126340843838604,-7464.3266424665,3269.85191239252
"seg167",0.0393162998460384,15,15,0.126822052324736,-7468.73422915902,3268.12514086228
"seg168",0.0389554866883377,15,15,0.12732943734387,-7473.3842090895,3266.3044372979
"seg169",0.0385979847815755,15,15,0.12779624776153,-7477.66472763287,3264.62933188629
"seg170",0.0382437637377728,15,15,0.128263784430242,-7481.95420262439,3262.95162039088
"seg171",0.0378927934478263,14,14,0.128765055787565,-7488.56325875051,3252.16565830798
"seg172",0.0375450440789499,14,14,0.129181983288329,-7492.39255687704,3250.66955306621
"seg173",0.0372004860721388,14,14,0.129602065650148,-7496.25268572287,3249.16212690135
"seg174",0.0368590901396565,14,14,0.130016659480898,-7500.06420766537,3247.67439581559
"seg175",0.0365208272625458,14,14,0.130424446415966,-7503.81492349495,3246.21109063672
"seg176",0.036185668688162,16,16,0.131010954900736,-7505.19701172566,3262.08085357653
"seg177",0.0358535859277289,16,16,0.131823721959926,-7512.68292784585,3259.16431519666
"seg178",0.035524550753917,16,16,0.132604523238262,-7519.88102914108,3256.362483024
"seg179",0.0351985351984447,16,16,0.133370476845852,-7526.94855038161,3253.61393032556
"seg180",0.0348755115497004,17,17,0.134488429980077,-7535.26669450551,3258.58945715297
"seg181",0.0345554523503873,17,17,0.136031651502308,-7549.5435592696,3253.05175142618
"seg182",0.0342383303951894,17,17,0.137438488456053,-7562.58092211089,3248.00344893481
"seg183",0.0339241187284591,17,17,0.138842589083468,-7575.61414621419,3242.96496549389
"seg184",0.033612790641926,17,17,0.140222850729845,-7588.44681956989,3238.01202600108
"seg185",0.0333043196724263,17,17,0.141577631379869,-7601.06263901744,3233.15052267436
"seg186",0.0329986795996539,17,17,0.142907610003661,-7613.46688219698,3228.37801909313
"seg187",0.0326958444439314,17,17,0.144213298714236,-7625.66332006693,3223.69267758784
"seg188",0.0323957884640018,17,17,0.145495129393016,-7637.65501495551,3219.09294839252
"seg189",0.0320984861548406,18,18,0.146755221625548,-7647.45185921102,3223.55842239383
"seg190",0.0318039122454876,18,18,0.148007299383001,-7659.19992830182,3219.0654587668
"seg191",0.0315120416968991,18,18,0.149242011976994,-7670.80198202479,3214.63480840054
"seg192",0.0312228496998195,18,18,0.150457360450113,-7682.23853540026,3210.27364436628
"seg193",0.0309363116726723,19,19,0.151697423502826,-7691.91499683217,3214.81099120127
"seg194",0.0306524032594711,19,19,0.153007409572362,-7704.27849653013,3210.11022902631
"seg195",0.0303711003277487,19,19,0.154300535673491,-7716.50164224937,3205.46996726704
"seg196",0.0300923789665063,20,20,0.155606921289268,-7726.85907706624,3209.76932180345
"seg197",0.0298162154841809,19,19,0.156907157780883,-7741.19738883462,3196.11634825399
"seg198",0.0295425864066313,19,19,0.158173859456057,-7753.22599722966,3191.57090806948
"seg199",0.0292714684751432,19,19,0.159417572748238,-7765.05393051573,3187.10795954175
"seg200",0.0290028386444517,19,19,0.16063897859408,-7776.68676077112,3182.72505919347
"seg201",0.028736674080783,20,20,0.161839077500223,-7786.12312167859,3187.40581362105
"seg202",0.0284729521599128,20,20,0.162990199180502,-7797.11779196924,3183.27512141044
"seg203",0.0282116504652439,20,20,0.164187579906219,-7808.57035079099,3178.97843295293
"seg204",0.0279527467859003,21,21,0.165328708032133,-7817.48960862768,3183.87079849575
"seg205",0.0276962191148395,21,21,0.166482054859402,-7828.55163430564,3179.73212155382
"seg206",0.0274420456469819,21,21,0.167616113624672,-7839.44359846819,3175.66265801376
"seg207",0.0271902047773571,21,21,0.168729661754353,-7850.15301901481,3171.66679496625
"seg208",0.0269406750992677,21,21,0.169823030338663,-7860.68233269878,3167.74334432511
"seg209",0.0266934354024696,20,20,0.170902244856475,-7873.09949074097,3154.88348740372
"seg210",0.0264484646713692,20,20,0.171950077683768,-7883.21646926925,3151.1234375568
"seg211",0.0262057420832369,20,20,0.172979811588081,-7893.17118024379,3147.42833399789
"seg212",0.0259652470064374,20,20,0.173991119192293,-7902.95983065984,3143.79935148908
"seg213",0.0257269589986758,21,21,0.175100936154091,-7911.70523291027,3148.80407420832
"seg214",0.0254908578052598,21,21,0.176220372279374,-7922.56907244955,3144.78708264071
"seg215",0.0252569233573785,21,21,0.17731766703369,-7933.23237296157,3140.84954330665
"seg216",0.0250251357703963,22,22,0.178396637387747,-7941.72043171104,3145.96495618533
"seg217",0.0247954753421626,23,23,0.179508787485435,-7950.54528767478,3150.9613066652
"seg218",0.0245679225513371,23,23,0.180623326825327,-7961.41971990173,3146.9618867528
"seg219",0.0243424580557307,23,23,0.181721331351763,-7972.14729768125,3143.02180046804
"seg220",0.0241190626906612,24,24,0.182795710528666,-7980.64594183643,3148.15368835543
"seg221",0.0238977174673244,24,24,0.183857278060162,-7991.0448850964,3144.34435281036
"seg222",0.0236784035711797,24,24,0.184899438394537,-8001.26688434497,3140.60465817238
"seg223",0.0234611023603515,24,24,0.185922598351542,-8011.31524114427,3136.93314460695
"seg224",0.0232457953640439,24,24,0.186927138855971,-8021.1930320775,3133.32844520117
"seg225",0.0230324642809712,25,25,0.187921960341541,-8028.97472955517,3138.74581840389
"seg226",0.022821090977802,25,25,0.188937959014167,-8038.98987309019,3135.10000243596
"seg227",0.0226116574876179,26,26,0.189937038118405,-8046.8374101538,3140.50209757332
"seg228",0.0224041460083866,26,26,0.19092798009034,-8056.62972130072,3136.94619522628
"seg229",0.0221985389014479,28,28,0.191913186633313,-8062.34960854817,3151.38526756959
"seg230",0.0219948186900155,27,27,0.19288391494403,-8073.97959893484,3138.91470322976
"seg231",0.0217929680576906,27,27,0.193843236441331,-8083.49388895661,3135.47226799094
"seg232",0.0215929698469902,27,27,0.194756015639292,-8092.55710228096,3132.19684542909
"seg233",0.021394807057889,29,29,0.195734747719005,-8098.25794435719,3146.6591507767
"seg234",0.021198462846374,32,32,0.196736627081448,-8102.18304290252,3170.0255910914
"seg235",0.0210039205230131,34,34,0.197829442654915,-8109.0404978967,3184.07851851913
"seg236",0.0208111635515361,34,34,0.199014192277119,-8120.86467039737,3179.82715559217
"seg237",0.0206201755474294,34,34,0.200282946778302,-8133.5466470249,3175.27434903402
"seg238",0.0204309402765431,35,35,0.201517989424137,-8143.89337643999,3179.82971112833
"seg239",0.0202434416537112,36,36,0.202797333805422,-8154.70329784525,3184.2261005991
"seg240",0.0200576637413846,37,37,0.204062819556441,-8165.39402027273,3188.67222046506
"seg241",0.0198735907482756,36,36,0.205340436767777,-8180.26435536754,3175.10041408191
"seg242",0.0196912070280166,38,38,0.206510637925473,-8188.01592399896,3188.87565059697
"seg243",0.0195104970778295,39,39,0.207680071691085,-8197.79526651312,3193.66644400591
"seg244",0.0193314455372082,41,41,0.208872897173641,-8205.80740642947,3207.36049525267
"seg245",0.0191540371866128,41,41,0.210269049685191,-8219.93798946836,3202.35053288025
"seg246",0.018978256946176,43,43,0.211467725027769,-8228.04699005513,3216.02359245285
"seg247",0.0188040898744215,43,43,0.212759794235713,-8241.16634085792,3211.38712325567
"seg248",0.0186315211669936,42,42,0.214031137848966,-8256.11795896954,3197.83782909097
"seg249",0.018460536155399,43,43,0.214956111784621,-8263.51669330011,3203.50584367706
"seg250",0.01829112030576,43,43,0.216661610178463,-8280.91550316908,3197.38582261296
"seg251",0.018123259217579,43,43,0.217816651266321,-8292.72029661519,3193.24106597578
"seg252",0.0179569386225146,43,43,0.219059050925115,-8305.43739067773,3188.78283129828
"seg253",0.0177921443831686,44,44,0.220279029203209,-8315.92249977237,3193.39225046367
"seg254",0.0176288624918843,44,44,0.221559427960616,-8329.07029232562,3188.79765958392
"seg255",0.0174670790695562,44,44,0.222679839300612,-8340.59300540217,3184.77716854976
"seg256",0.0173067803644498,44,44,0.223829924264783,-8352.43817980814,3180.65019649769
"seg257",0.0171479527510329,44,44,0.225040252523874,-8364.92279314343,3176.30704703074
"seg258",0.0169905827288173,44,44,0.226121681280049,-8376.09430505821,3172.42644134328
"seg259",0.0168346569212117,45,45,0.227205992143642,-8385.28858207386,3177.52269030426
"seg260",0.0166801620743838,45,45,0.228333349641521,-8396.96756079932,3173.47727363386
"seg261",0.0165270850561347,45,45,0.229381951522026,-8407.84598855393,3169.71446411161
"seg262",0.016375412854782,44,44,0.23044315073565,-8420.89287736452,3156.91925342003
"seg263",0.0162251325780539,43,43,0.231447794804189,-8433.36575580813,3144.32698556349
"seg264",0.0160762314519935,44,44,0.232126336507374,-8438.40975561295,3150.87929910818
"seg265",0.0159286968198731,44,44,0.233099135918513,-8448.55117533485,3147.38849963936
"seg266",0.0157825161411179,44,44,0.233943440940127,-8457.36347599491,3144.3587902386
"seg267",0.0156376769902405,45,45,0.234867780524254,-8464.99957608226,3150.02908113566
"seg268",0.0154941670557846,45,45,0.235765620673098,-8474.39264380264,3146.80726595075
"seg269",0.0153519741392784,46,46,0.236671572259557,-8481.85856262874,3152.54354045322
"seg270",0.0152110861541978,47,47,0.237759859457657,-8491.2486940941,3157.62552071068
"seg271",0.015071491124939,47,47,0.238983627856195,-8504.10293001966,3153.23414256358
"seg272",0.0149331771858007,48,48,0.240280700693492,-8515.72550737648,3157.56691513232
"seg273",0.0147961325799753,48,48,0.24148771760388,-8528.44575036688,3153.23564812969
"seg274",0.0146603456585497,49,49,0.242713556485145,-8539.36035611455,3157.82403707013
"seg275",0.014525804879515,50,50,0.243910925855301,-8549.99417979059,3162.51458618165
"seg276",0.0143924988067857,50,50,0.245184501389521,-8563.48094377364,3157.94447979851
"seg277",0.0142604161092273,50,50,0.246446647357501,-8576.86914135148,3153.41538734208
"seg278",0.0141295455596932,50,50,0.247646509124221,-8589.61746799112,3149.10979590158
"seg279",0.0139998760340707,50,50,0.248839884066675,-8602.31705581163,3144.82748182169
"seg280",0.0138713965103349,51,51,0.249990424980182,-8612.55418455051,3149.68607045884
"seg281",0.0137440960676123,51,51,0.251141375224077,-8624.84025982001,3145.55599343163
"seg282",0.0136179638852524,51,51,0.252243848321653,-8636.62657452798,3141.59987209835
"seg283",0.0134929892419077,51,51,0.253350171427307,-8648.47153042227,3137.62993537208
"seg284",0.0133691615146225,53,53,0.254440253012564,-8656.106748899,3151.69267346014
"seg285",0.0132464701779303,55,55,0.255499860557037,-8663.42956401308,3165.86476478605
"seg286",0.0131249048029585,55,55,0.256638928404716,-8675.67875028681,3161.77732662346
"seg287",0.0130044550565423,56,56,0.257766286069807,-8685.79220551191,3166.71910617371
"seg288",0.0128851107003465,56,56,0.258890824670673,-8697.92198426443,3162.68380485091
"seg289",0.0127668615899947,56,56,0.260111601583416,-8711.11068583557,3158.30316137009
"seg290",0.0126496976742078,56,56,0.261348720402898,-8724.49815593547,3153.86387648929
"seg291",0.0125336089939489,58,58,0.262624823674105,-8734.27287959415,3167.25909320031
"seg292",0.0124185856815771,58,58,0.263912915224849,-8748.25998371348,3162.63689745302
"seg293",0.0123046179600088,57,57,0.265340671838978,-8765.82163018978,3148.5263299013
"seg294",0.0121916961418866,58,58,0.266582056225153,-8777.32167601116,3153.05893525506
"seg295",0.0120798106287557,58,58,0.267811647092537,-8790.74510257426,3148.64666372448
"seg296",0.0119689519102482,58,58,0.269018754331498,-8803.94502158838,3144.31507258623
"seg297",0.0118591105632747,59,59,0.27022798231879,-8815.16017317228,3148.96306816212
"seg298",0.0117502772512231,59,59,0.271420934516657,-8828.24840661869,3144.68227106154
"seg299",0.0116424427231653,60,60,0.272593944128348,-8839.10841382019,3149.46023288213
"seg300",0.0115355978130709,61,61,0.273746625761008,-8849.76478838321,3154.31113974934
"seg301",0.0114297334390276,62,62,0.274867863745656,-8860.09389520113,3159.27487919902
"seg302",0.0113248406024696,62,62,0.276054076226646,-8873.19146700127,3155.01826694048
"seg303",0.0112209103874129,62,62,0.27722139112876,-8886.10134864462,3150.82946687173
"seg304",0.0111179339596968,62,62,0.278344599119744,-8898.54312954752,3146.79894031774
"seg305",0.0110159025662336,62,62,0.27946226977593,-8910.94281007116,3142.78828397044
"seg306",0.0109148075342644,62,62,0.280530804361611,-8922.81536165527,3138.95394780472
"seg307",0.0108146402706217,63,63,0.281604989621499,-8932.73660635173,3144.08653154513
"seg308",0.0107153922609992,64,64,0.282670927416957,-8942.58324505632,3149.24871053829
"seg309",0.010617055069228,66,66,0.283766878639376,-8950.74885093765,3163.29038598379
"seg310",0.0105196203365595,67,67,0.284828625717986,-8960.58295660434,3168.4676029714
"seg311",0.0104230797809551,67,67,0.285882881084306,-8972.38469502211,3164.68450644542
"seg312",0.0103274251963818,70,70,0.286922060874933,-8977.92987364234,3187.91709767118
"seg313",0.010232648452115,72,72,0.287945789174914,-8985.35082820981,3202.2179383016
"seg314",0.0101387414920473,74,74,0.28904413724553,-8993.62587506493,3216.25101288209
"seg315",0.0100456963340039,75,75,0.290172921783743,-9004.29953153171,3221.18767223193
"seg316",0.00995350506906368,75,75,0.291732752090372,-9021.89870988778,3215.59036743971
"seg317",0.00986215986088734,76,76,0.293236462368866,-9036.86287990276,3219.18164092681
"seg318",0.00977165294505114,77,77,0.294654068662233,-9050.88610189074,3223.08189049069
"seg319",0.00968197662838688,78,78,0.296015696381871,-9064.30496392252,3227.18301391737
"seg320",0.0095931232883281,78,78,0.297375323286035,-9079.7705535397,3222.3041202621
"seg321",0.00950508537226201,78,78,0.298689849648741,-9094.75161073988,3217.58706567084
"seg322",0.00941785539688764,78,78,0.29998855051497,-9109.57991268798,3212.92679938975
"seg323",0.00933142594757967,81,81,0.301016529115168,-9115.21484978194,3236.19958503704
"seg324",0.0092457896777582,81,81,0.301569684560098,-9121.5483264284,3234.21463859153
"seg325",0.0091609393082643,82,82,0.302865397111494,-9134.36189242531,3238.55229241867
"seg326",0.00907686762674127,82,82,0.304714740153696,-9155.61231183228,3231.91609832205
"seg327",0.00899356748702158,83,83,0.305496643572754,-9162.57185126564,3238.09750804142
"seg328",0.00891103180851942,83,83,0.30700819768796,-9180.0024529212,3232.67343783532
"seg329",0.00882925357562887,85,85,0.307927391453069,-9186.534942197,3247.34939084207
"seg330",0.00874822583712757,84,84,0.309420917834801,-9205.86117701733,3233.00281464645
"seg331",0.00866794170558584,84,84,0.310800661658339,-9221.86078116158,3228.05173331234
"seg332",0.00858839435678125,85,85,0.311523818434991,-9228.21616512287,3234.4439498494
"seg333",0.00850957702911856,86,86,0.313172849413635,-9245.35696000792,3237.51375363053
"seg334",0.00843148302305497,85,85,0.313865121398033,-9255.468152772,3226.04240370724
"seg335",0.00835410570053068,87,87,0.315488348437971,-9270.32868650683,3238.19199932348
"seg336",0.00827743848440458,87,87,0.316193285774524,-9278.57165003398,3235.66239779226
"seg337",0.00820147485789529,87,87,0.31783212259407,-9297.76776235888,3229.78158553676
"seg338",0.00812620836402712,87,87,0.318886390790632,-9310.14106506507,3225.99844297066
"seg339",0.00805163260508132,88,88,0.320172473139977,-9323.21624734536,3230.37065387485
"seg340",0.00797774124205219,89,89,0.321329269093178,-9334.79540252775,3235.2067968886
"seg341",0.00790452799410829,90,90,0.322565088263645,-9347.33043388619,3239.75937249708
"seg342",0.00783198663805859,89,89,0.32372169135035,-9363.04649889925,3226.62181395284
"seg343",0.00776011100782344,88,88,0.324482991440698,-9374.10258919077,3214.90276314401
"seg344",0.00768889499391048,90,90,0.326018459585175,-9388.2164696637,3227.36727332759
"seg345",0.00761833254289535,90,90,0.327144718514251,-9401.59607643753,3223.32579876833
"seg346",0.00754841765690707,91,91,0.328586774333159,-9416.71369392698,3227.13831350241
"seg347",0.0074791443931183,91,91,0.329962933542079,-9433.12768645151,3222.20009522173
"seg348",0.00741050686324015,93,93,0.331062934311262,-9442.17795452087,3236.22723924838
"seg349",0.00734249923302165,93,93,0.332211106789158,-9455.92105873899,3232.10712997399
"seg350",0.00727511572175389,96,96,0.333833471250762,-9469.23527431339,3253.24701769236
"seg351",0.00720835060177862,95,95,0.334697848287458,-9481.67120754119,3241.15808492695
"seg352",0.00714219819800138,95,95,0.33640789294133,-9502.26030210879,3235.02175003503
"seg353",0.00707665288740916,94,94,0.337791817974732,-9521.0101309731,3221.06846800073
"seg354",0.00701170909859237,93,93,0.33934265680883,-9541.81531124108,3206.51623144391
"seg355",0.00694736131127135,94,94,0.33991138475229,-9546.65724556692,3213.46260136829
"seg356",0.00688360405582707,97,97,0.341150586131438,-9555.54332330725,3235.97743387939
"seg357",0.00682043191283622,99,99,0.342468342803457,-9567.45969250488,3249.22318126739
"seg358",0.00675783951261061,101,101,0.343910417004544,-9580.92183314941,3262.0228268594
"seg359",0.00669582153474065,104,104,0.345364795731078,-9592.51787607871,3283.76551563628
"seg360",0.00663437270764321,104,104,0.34683761708824,-9610.53683551714,3278.48043430052
"seg361",0.00657348780811343,104,104,0.34832076719181,-9628.72326641491,3273.15828922678
"seg362",0.00651316166088084,104,104,0.349711197416378,-9645.81039255466,3268.16886074462
"seg363",0.00645338913816937,104,104,0.351090921669582,-9662.80210465223,3263.21784963682
"seg364",0.00639416515926157,105,105,0.352506681760403,-9678.22165059902,3267.12472412542
"seg365",0.00633548469006665,109,109,0.353849028963036,-9686.60459494579,3298.25662434145
"seg366",0.00627734274269268,107,107,0.35512010998735,-9706.468112791,3275.72107563187
"seg367",0.00621973437502251,109,109,0.356592031727448,-9720.63802225442,3288.41361612891
"seg368",0.00616265469029379,108,108,0.357611164641079,-9735.37539189302,3275.76935641036
"seg369",0.00610609883668264,108,108,0.35915710984729,-9754.65104941787,3270.221876999
"seg370",0.00605006200689133,109,109,0.360477787918935,-9769.09918571695,3274.4699443977
"seg371",0.0059945394377396,109,109,0.361819436979219,-9785.89995759635,3269.65556254944
"seg372",0.00593952640975979,109,109,0.363102945619289,-9802.00575766457,3265.04981214737
"seg373",0.00588501824679571,110,110,0.364406179312251,-9816.33615721278,3269.36047706324
"seg374",0.00583101031560513,108,108,0.36656533684602,-9847.67078998047,3243.63814907318
"seg375",0.00577749802546597,109,109,0.367389825519078,-9856.0348624588,3249.66674560173
"seg376",0.00572447682778609,110,110,0.368594166810006,-9869.22334135769,3254.33227662931
"seg377",0.00567194221571663,112,112,0.369894586614418,-9881.60294978585,3267.64023574105
"seg378",0.00561988972376893,113,113,0.371620231819839,-9901.48457106848,3270.43511655341
"seg379",0.005568314927435,112,112,0.373020591380898,-9921.39038376307,3256.42286075765
"seg380",0.00551721344281138,115,115,0.374366192402581,-9932.40341399518,3278.55588812846
"seg381",0.00546658092622651,117,117,0.375690389703752,-9945.23481028395,3291.77852392267
"seg382",0.00541641307387157,118,118,0.377104695225031,-9961.31816385189,3295.69061799768
"seg383",0.00536670562143458,122,122,0.37722734331302,-9954.64694617198,3331.19929411712
"seg384",0.00531745434373798,121,121,0.379673564096632,-9988.19486366736,3313.43406339319
"seg385",0.00526865505437944,123,123,0.380786641814718,-9998.43711266952,3327.41428201491
"seg386",0.00522030360537607,123,123,0.381977320872241,-10013.8350401685,3323.1416418653
"seg387",0.0051723958868118,124,124,0.383109689245688,-10026.4429614856,3328.06544095846
"seg388",0.00512492782648804,124,124,0.384244218305387,-10041.1693863631,3323.99428981093
"seg389",0.00507789538957752,124,124,0.385356445074047,-10055.6326850793,3320.00316834356
"seg390",0.00503129457828138,127,127,0.386815426799611,-10068.4513155089,3341.72933969004
"seg391",0.0049851214314893,125,125,0.391226237288481,-10130.3351282601,3307.92716620496
"seg392",0.00493937202444283,129,129,0.391516413960246,-10125.8880530743,3342.83468171045
"seg393",0.00489404246840178,132,132,0.391982342800946,-10125.814722747,3368.12433021708
"seg394",0.00484912891031364,130,130,0.393464096532608,-10149.4695347267,3344.83280225167
"seg395",0.00480462753248612,131,131,0.394846067876148,-10165.6509097531,3348.86092449157
"seg396",0.00476053455226263,132,132,0.396205398746095,-10181.5734990635,3352.97028994799
"seg397",0.0047168462217007,133,133,0.397578881820834,-10197.7240455387,3357.02887154454
"seg398",0.00467355882725348,129,129,0.401181485850221,-10253.9789873164,3308.1524775136
"seg399",0.00463066868945401,130,130,0.401747846594211,-10259.4823198831,3315.10734191132
"seg400",0.00458817216260253,130,130,0.402603329134297,-10270.9302657175,3312.03752303362
"seg401",0.00454606563445654,130,130,0.404287987238916,-10293.5221284346,3305.99228539324
"seg402",0.00450434552592378,134,134,0.405812658571433,-10305.7519062501,3336.46993256546
"seg403",0.00446300829075801,134,134,0.407487194117567,-10328.3292916003,3330.46101877702
"seg404",0.00442205041525754,134,134,0.409151081309309,-10350.8263962973,3324.49031560985
"seg405",0.00438146841796661,134,134,0.410693339411047,-10371.7356256467,3318.95606702715
"seg406",0.00434125884937945,136,136,0.413516695455277,-10406.0165377874,3326.79911224592
"seg407",0.00430141829164704,136,136,0.413818248712423,-10410.130971143,3325.71701665888
"seg408",0.00426194335828661,138,138,0.416136424907993,-10437.6902023014,3335.37285239456
"seg409",0.00422283069389379,138,138,0.417491365233642,-10456.2769405475,3330.51077608683
"seg410",0.00418407697385742,141,141,0.418467368889668,-10463.476667866,3353.97006894767
"seg411",0.00414567890407688,138,138,0.422118959533902,-10520.0847310715,3313.90508786343
"seg412",0.00410763322068218,138,138,0.422370794334898,-10523.5718112538,3313.00140229425
"seg413",0.00406993668975647,141,141,0.423404046896796,-10531.679221187,3336.25526282452
"seg414",0.00403258610706115,145,145,0.427597823948265,-10581.7836293323,3357.1550744026
"seg415",0.00399557829776356,150,150,0.427986631756328,-10576.8389742329,3400.69585814465
"seg416",0.00395891011616707,147,147,0.430047494601459,-10611.9435213385,3366.33905460715
"seg417",0.00392257844544369,148,148,0.43215538261232,-10639.5091161788,3367.76229295456
"seg418",0.00388658019736918,148,148,0.434132028794472,-10667.4054024855,3360.66928347727
"seg419",0.00385091231206051,149,149,0.435873163547796,-10689.9821315348,3363.40858149941
"seg420",0.00381557175771576,151,151,0.437650239881834,-10711.0681316072,3375.00610335001
"seg421",0.00378055553035646,153,153,0.439396644681204,-10731.7941980882,3386.71368712674
"seg422",0.0037458606535722,153,153,0.441824437515668,-10766.514861579,3378.00178019102
"seg423",0.00371148417826768,155,155,0.443032708171481,-10779.691956182,3391.64040788182
"seg424",0.00367742318241199,159,159,0.445838433509475,-10811.7692675093,3417.52111287803
"seg425",0.00364367477079024,158,158,0.446424491217016,-10822.3161439626,3406.43090292767
"seg426",0.00361023607475751,162,162,0.451075099208088,-10881.4773888774,3425.69141951539
"seg427",0.00357710425199495,164,164,0.452927858548846,-10904.3564058692,3437.01735999307
"seg428",0.00354427648626823,165,165,0.454852445191869,-10930.4647047164,3439.09835811106
"seg429",0.00351174998718813,166,166,0.456858777987065,-10957.8761407993,3440.88601782719
"seg430",0.00347952198997337,167,167,0.458893187149385,-10985.811291364,3442.57292813258
"seg431",0.00344758975521557,167,167,0.461139107072194,-11019.0852220347,3434.51365508637
"seg432",0.00341595056864646,168,168,0.46303147814612,-11045.1423320255,3436.71025575324
"seg433",0.00338460174090708,169,169,0.465054773033566,-11073.255968268,3438.43704859185
"seg434",0.00335354060731927,170,170,0.466994828006746,-11100.2340502244,3440.46254005751
"seg435",0.0033227645276591,172,172,0.468967508011635,-11125.7202068951,3451.35815647675
"seg436",0.0032922708859325,172,172,0.47086934170627,-11154.4227436204,3444.53360459584
"seg437",0.00326205709015285,173,173,0.472771685220182,-11181.1469717837,3446.69442009694
"seg438",0.00323212057212071,173,173,0.474669399560382,-11209.9942523534,3439.88465013316
"seg439",0.00320245878720546,173,173,0.476464720678651,-11237.3811342227,3433.44230864501
"seg440",0.00317306921412907,175,175,0.483689352852035,-11344.3671872183,3425.49178717585
"seg441",0.00314394935475176,178,178,0.483748999676131,-11339.0168446216,3452.23934060257
"seg442",0.00311509673385962,178,178,0.484218399882475,-11346.2941378158,3450.5549419771
"seg443",0.00308650889895429,178,178,0.484520751863039,-11350.9851253927,3449.46998024597
"seg444",0.00305818342004441,174,174,0.48639002845455,-11388.4132222565,3406.81346919415
"seg445",0.00303011788943916,174,174,0.487533507460091,-11406.2439320554,3402.7102020052
"seg446",0.00300230992154351,177,177,0.488578976005556,-11416.308185739,3425.92022662392
"seg447",0.00297475715265553,178,178,0.489729775463952,-11432.2380007728,3430.77788749699
"seg448",0.00294745724076541,179,179,0.490828283124885,-11447.3863309357,3435.82319258193
"seg449",0.0029204078653564,181,181,0.492026893123101,-11462.0540324759,3449.49648663664
"seg450",0.0028936067272076,180,180,0.495262190705344,-11515.2629214176,3428.89972781145
"seg451",0.00286705154819847,185,185,0.495457082651654,-11507.8787963727,3473.13636044017
"seg452",0.00284074007111524,189,189,0.495563770968268,-11501.1819846434,3508.70230670267
"seg453",0.00281467005945901,186,186,0.501039120653497,-11594.7841286128,3462.09293731115
"seg454",0.00278883929725564,190,190,0.502494125355951,-11609.7559846188,3492.82057665281
"seg455",0.00276324558886744,192,192,0.502793146606243,-11610.3671401409,3509.72196057627
"seg456",0.00273788675880646,193,193,0.50335154202639,-11617.2565914842,3516.70540779169
"seg457",0.00271276065154966,193,193,0.507360676798312,-11682.0976910461,3502.31900359363
"seg458",0.00268786513135562,193,193,0.50806816985066,-11693.5949716107,3499.78023111592
"seg459",0.00266319808208303,195,195,0.510381727922858,-11727.1059230804,3509.45263855428
"seg460",0.00263875740701081,194,194,0.511811644512452,-11752.6050753951,3495.33432013315
"seg461",0.00261454102865989,195,195,0.513469549227644,-11777.7184009828,3498.37228134276
"seg462",0.00259054688861662,197,197,0.514305455528624,-11787.2709968588,3513.34710360479
"seg463",0.0025667729473578,199,199,0.516799848845391,-11824.2565036518,3522.37060072468
"seg464",0.00254321718407734,200,200,0.5186433034875,-11852.7317488643,3524.74273342031
"seg465",0.00251987759651444,203,203,0.525046854227035,-11953.5561281528,3528.72578250551
"seg466",0.00249675220078345,204,204,0.525342915258529,-11956.4384206025,3536.65059207589
"seg467",0.00247383903120522,206,206,0.525407498847059,-11953.3132917886,3554.39323356569
"seg468",0.00245113614013999,207,207,0.525504120775591,-11952.8345042493,3563.03371165591
"seg469",0.00242864159782187,204,204,0.527081891343185,-11985.8014186888,3530.41043945747
"seg470",0.00240635349219481,209,209,0.528033347019593,-11991.3743537026,3571.93221408266
"seg471",0.00238426992875006,209,209,0.528944995875771,-12006.8420644736,3568.66084764631
"seg472",0.00236238903036511,210,210,0.529927970225798,-12021.4442212051,3574.12073318404
"seg473",0.00234070893714419,211,211,0.530906804825681,-12036.010218051,3579.59547382698
"seg474",0.00231922780626014,212,212,0.531834626936092,-12049.7387582073,3585.25326800502
"seg475",0.00229794381179776,215,215,0.532954808062289,-12062.5689489785,3608.19519353347
"seg476",0.00227685514459865,217,217,0.534025354159137,-12076.7017107005,3622.32803288987
"seg477",0.00225596001210737,219,219,0.535102102181971,-12090.9812481285,3636.43861721642
"seg478",0.00223525663821911,219,219,0.53607950416701,-12107.8181644083,3632.93130184273
"seg479",0.00221474326312874,221,221,0.537201053645599,-12122.9519758409,3646.88112034627
"seg480",0.00219441814318115,222,222,0.538429178741124,-12142.0939118092,3651.46130542122
"seg481",0.00217427955072312,222,222,0.539630066915706,-12162.9349708139,3647.15203081235
"seg482",0.00215432577395642,223,223,0.540756787063934,-12180.422007526,3652.09609803207
"seg483",0.00213455511679231,224,224,0.541934864817242,-12198.8535526872,3656.85587330169
"seg484",0.00211496589870739,227,227,0.547600974366578,-12292.074004126,3663.48516094909
"seg485",0.00209555645460074,229,229,0.547723837110151,-12290.0082509852,3681.01867315577
"seg486",0.00207632513465238,230,230,0.547793238334582,-12289.1157709973,3689.75683019022
"seg487",0.00205727030418305,231,231,0.547888899920471,-12288.6875910177,3698.40075437997
"seg488",0.00203839034351526,236,236,0.549496941588428,-12306.5804866805,3737.56643174165
"seg489",0.00201968364783559,231,231,0.550655209337419,-12337.7871532498,3688.47411243024
"seg490",0.00200114862705831,232,232,0.551814024507539,-12356.3237436443,3693.30300967341
"seg491",0.0019827837056902,235,235,0.552988590151502,-12370.9498996903,3716.04978145942
"seg492",0.00196458732269665,237,237,0.555336353238123,-12408.8302532068,3725.59944741088
"seg493",0.00194655793136896,242,242,0.555504754080192,-12401.232383772,3769.93114088314
"seg494",0.00192869399919286,242,242,0.558901507445585,-12462.6017431097,3757.74220994026
"seg495",0.00191099400771827,244,244,0.559033557546416,-12460.7419304197,3775.2427541769
"seg496",0.00189345645243021,246,246,0.559102462426129,-12457.7347999875,3792.96988911849
"seg497",0.0018760798426209,247,247,0.562106553229812,-12510.3005172783,3791.17718777955
"seg498",0.0018588627012631,249,249,0.562252742920393,-12508.7111496957,3808.62699342423
"seg499",0.00184180356488452,250,250,0.565312309263297,-12562.6911019697,3806.63522331466
"seg500",0.00182490098344341,252,252,0.565439161982603,-12560.7621478125,3824.15441786755
"seg501",0.00180815352020537,253,253,0.565505316762565,-12559.8473366914,3832.90422446356
"seg502",0.00179155975162115,251,251,0.568459074713334,-12618.6831950328,3804.33054738567
"seg503",0.00177511826720569,257,257,0.568593760929338,-12608.3788302795,3857.77041945285
"seg504",0.00175882766941824,262,262,0.568661855064872,-12598.9585034193,3902.46205413589
"seg505",0.00174268657354351,261,261,0.572628615837463,-12675.0078741239,3879.24050824042
"seg506",0.00172669360757405,262,262,0.572674112526911,-12673.7218383125,3888.06444445716
"seg507",0.00171084741209354,265,265,0.572741544512885,-12668.5678080746,3914.78406156048
"seg508",0.00169514664016131,262,262,0.574217951352403,-12702.6764958966,3882.5245235955
"seg509",0.00167958995719782,261,261,0.574768477201012,-12715.1647319371,3871.56181638915
"seg510",0.0016641760408712,257,257,0.582538154436981,-12871.2351821878,3807.73227089704
"seg511",0.00164890358098489,259,259,0.58256822628041,-12867.5398730131,3825.59875454801
"seg512",0.00163377127936625,259,259,0.582617772815727,-12868.489479231,3825.42096145194
"seg513",0.00161877784975621,265,265,0.582980877539216,-12862.6240826585,3878.04117512349
"seg514",0.00160392201769994,266,266,0.583043325509208,-12861.6822106334,3886.8042832595
"seg515",0.00158920252043854,271,271,0.583916277599628,-12867.740736569,3928.60776064184
"seg516",0.00157461810680168,270,270,0.584584393760858,-12882.7395826498,3917.22309162492
"seg517",0.00156016753710126,270,270,0.585172212082702,-12894.0677001479,3915.11376069589
"seg518",0.00154584958302602,273,273,0.585906137273173,-12901.8042428957,3939.44172943102
"seg519",0.00153166302753717,275,275,0.586640924499037,-12911.7230984267,3954.7794080123
"seg520",0.0015176066647649,273,273,0.587424729187989,-12931.1962898253,3933.99240474095
"seg521",0.0015036792999059,272,272,0.588172853623257,-12947.8597195483,3922.32063353491
"seg522",0.0014898797491218,271,271,0.588934299440334,-12964.8082460499,3910.60105979939
"seg523",0.00147620683943854,271,271,0.589685311274379,-12979.4375126479,3907.90612425425
"seg524",0.00146265940864665,272,272,0.590428631178507,-12991.8000614805,3914.22598729902
"seg525",0.0014492363052025,273,273,0.59116535722044,-13004.0593771337,3920.56951179998
"seg526",0.00143593638813039,274,274,0.591894957189532,-13016.2044236753,3926.93860754513
"seg527",0.00142275852692555,274,274,0.592618045772783,-13030.3915540724,3924.34387196714
"seg528",0.0014097016014581,275,275,0.593294103509844,-13041.5337883776,3930.90509899135
"seg529",0.00139676450187778,277,277,0.594012359787498,-13051.3830029407,3946.30209733021
"seg530",0.00138394612851965,282,282,0.594722717576786,-13054.6542939425,3988.68902911592
"seg531",0.00137124539181059,281,281,0.595395928114972,-13070.1030627824,3977.28607940499
"seg532",0.00135866121217671,283,283,0.596073946889043,-13079.2221568224,3992.82746625244
"seg533",0.00134619251995159,279,279,0.598518604959194,-13136.3814159321,3948.10625271724
"seg534",0.0013338382552853,281,281,0.598623828024566,-13134.1823936064,3965.70306325509
"seg535",0.0013215973680544,285,285,0.598762923654292,-13128.3565789246,4001.15271891327
"seg536",0.00130946881777261,282,282,0.600260949532024,-13164.7304572312,3968.81560305685
"seg537",0.00129745157350239,284,284,0.600303140271325,-13161.2755328355,3986.63859918635
"seg538",0.0012855446137673,289,289,0.600556667842381,-13155.5934449093,4030.66482337386
"seg539",0.00127374692646522,288,288,0.602878916052061,-13204.3915936052,4013.34445660674
"seg540",0.00126205750878224,291,291,0.602917747614952,-13198.7140121652,4040.16670364647
"seg541",0.00125047536710749,293,293,0.602970153172284,-13195.4605127626,4057.95304485931
"seg542",0.00123899951694865,296,296,0.604874841539186,-13227.4633420738,4078.07983971664
"seg543",0.00122762898284828,295,295,0.604916391394274,-13230.4612849992,4068.94354513707
"seg544",0.00121636279830087,298,298,0.605898521844413,-13243.9014567537,4092.38085257174
"seg545",0.00120520000567076,297,297,0.606073072119429,-13249.6032665345,4082.76729845651
"seg546",0.00119413965611066,302,302,0.606900968723884,-13255.6397065408,4124.73245322545
"seg547",0.00118318080948103,303,303,0.607581469235976,-13267.3400714798,4131.27773776806
"seg548",0.0011723225342702,303,303,0.608264094591786,-13281.2684610267,4128.82820068756
"seg549",0.00116156390751514,304,304,0.608946407472594,-13293.053614907,4135.36698171497
"seg550",0.00115090401472301,303,303,0.609702478510666,-13310.6970862781,4123.66669486991
"seg551",0.00114034194979348,302,302,0.610479158826396,-13328.7932803023,4111.89245356449
"seg552",0.00112987681494166,301,301,0.61182758351947,-13358.6953576604,4098.06656117263
"seg553",0.00111950772062178,303,303,0.611947951837988,-13356.8558744505,4115.60902438973
"seg554",0.00110923378545164,306,306,0.615363845083858,-13421.1039031975,4130.31300224246
"seg555",0.00109905413613763,308,308,0.615393229499632,-13417.3888840247,4148.18195266312
"seg556",0.00108896790740052,309,309,0.615433080795891,-13416.0539059554,4157.02614684395
"seg557",0.00107897424190192,311,311,0.615482553110673,-13412.7535440766,4174.82301372263
"seg558",0.0010690722901714,314,314,0.616603497982218,-13429.6105974948,4197.76219862252
"seg559",0.00105926121053426,315,315,0.617265578658818,-13441.2702719918,4204.37358101759
"seg560",0.00104954016904003,316,316,0.617921514030002,-13452.8246498367,4211.0070152649
"seg561",0.00103990833939156,316,316,0.618596411466903,-13466.9682193633,4208.58520909677
"seg562",0.00103036490287478,317,317,0.619285034037712,-13479.2567849596,4215.10134839327
"seg563",0.00102090904828913,316,316,0.619962446186799,-13495.6724457981,4203.6833215956
"seg564",0.00101153997187855,316,316,0.620657369847695,-13510.314362868,4201.1896532005
"seg565",0.00100225687726326,317,317,0.622089947769455,-13538.4148975156,4205.03617847976
"seg566",0.000993058975371962,317,317,0.622174885968607,-13540.213161316,4204.73138571664
"seg567",0.000983945484374839,316,316,0.623683104820404,-13574.3802770374,4190.33208696989
"seg568",0.000974915629617068,317,317,0.623761444975984,-13573.8774029688,4199.0381674881
"seg569",0.000965968643552981,321,321,0.623860814332057,-13567.3111120434,4234.6303771542
"seg570",0.000957103765680823,317,317,0.62594835571671,-13620.5135858421,4191.19064335858
"seg571",0.000948320242478107,317,317,0.626019452487383,-13622.0343069376,4190.93551926366
"seg572",0.000939617327337568,317,317,0.626660157826162,-13635.7517005396,4188.6364082335
"seg573",0.000930994280503693,319,319,0.627097611186066,-13640.792428379,4205.04104151221
"seg574",0.000922450369009852,319,319,0.627576426238498,-13651.0712087752,4203.32285859437
"seg575",0.000913984866615983,321,321,0.628064706323452,-13657.2259290604,4219.54510493618
"seg576",0.000905597053746872,322,322,0.628560225471273,-13665.719933839,4226.75417775903
"seg577",0.000897286217430981,323,323,0.629061080028083,-13674.3426777756,4233.94410496701
"seg578",0.000889051651239847,324,324,0.62958953677416,-13683.575561384,4241.03498430703
"seg579",0.000880892655228038,325,325,0.630091996381279,-13692.2619022782,4248.21915194249
"seg580",0.000872808535873651,328,328,0.630596142861284,-13696.6501785434,4273.37166003408
"seg581",0.000864798606019367,328,328,0.630949141878092,-13704.298561826,4272.1049561625
"seg582",0.00085686218481404,328,328,0.631319045786114,-13712.3210747845,4270.77759067393
"seg583",0.000848998597654826,330,330,0.631701092239072,-13716.2643318726,4287.38104644278
"seg584",0.000841207176129836,330,330,0.632063461907765,-13724.1394147689,4286.08071686558
"seg585",0.000833487257961328,332,332,0.632434598994131,-13727.8597476955,4302.72331987348
"seg586",0.000825838186949405,335,335,0.632844619389487,-13730.2545012669,4328.21359059378
"seg587",0.000818259312916244,335,335,0.63331996451236,-13740.6185731866,4326.5078591928
"seg588",0.000810749991650827,338,338,0.633850593839266,-13745.6645319314,4351.56533607155
"seg589",0.000803309584854182,342,342,0.634313844174073,-13747.065366498,4385.85179296609
"seg590",0.000795937460085128,345,345,0.635017939461674,-13755.9321482261,4410.28680351055
"seg591",0.000788632990706518,346,346,0.635218412336135,-13758.1425775928,4418.55462221927
"seg592",0.000781395555831972,347,347,0.635983910386109,-13772.762811625,4424.79490106729
"seg593",0.000774224540273103,350,350,0.636241720747085,-13771.8708289127,4450.83136322343
"seg594",0.000767119334487225,351,351,0.637020863368017,-13786.8368217895,4457.022679808
"seg595",0.000760079334525542,353,353,0.637474713421399,-13792.4685887463,4473.36847508965
"seg596",0.000753103941981808,355,355,0.637957083401536,-13798.7407785235,4489.61192928841
"seg597",0.000746192563941467,356,356,0.638381519314852,-13805.9343269709,4497.0760776329
"seg598",0.000739344612931253,356,356,0.638781303591273,-13814.7835523258,4495.64148924418
"seg599",0.000732559506869253,356,356,0.639214078437972,-13824.3740704528,4494.0885172875
"seg600",0.000725836669015429,356,356,0.63972978196186,-13835.8173649981,4492.23796354883
"seg601",0.000719175527922599,358,358,0.640151533503579,-13840.8050764222,4508.69894132975
"seg602",0.000712575517387859,359,359,0.640628121603007,-13849.2150441344,4515.97594644461
"seg603",0.000706036076404455,360,360,0.641042795050748,-13856.2585104817,4523.47512648141
"seg604",0.000699556649114101,361,361,0.641484399242208,-13863.9129951006,4530.87766806962
"seg605",0.000693136684759728,360,360,0.641921121616669,-13875.8575688977,4520.32333395906
"seg606",0.000686775637638667,360,360,0.642429839289259,-13887.2311384657,4518.49784829272
"seg607",0.000680472967056269,361,361,0.643226198401303,-13902.8746259292,4524.62738511329
"seg608",0.000674228137279941,361,361,0.643307366786319,-13904.6948855833,4524.33611997471
"seg609",0.00066804061749361,359,359,0.646647470252468,-13984.3470351573,4494.37607824196
"seg610",0.000661909881752603,361,361,0.646661897071131,-13980.287224291,4512.2987025973
"seg611",0.000655835408938942,361,361,0.646680837214085,-13980.7160634215,4512.2307376703
"seg612",0.000649816682717047,362,362,0.646703887687902,-13979.0439149781,4521.13522002708
"seg613",0.000643853191489848,363,363,0.646730745431591,-13977.4574434289,4530.02604035292
"seg614",0.000637944428355298,364,364,0.646761182610627,-13975.9515083187,4538.90401621067
"seg615",0.000632089891063288,368,368,0.647701197908702,-13988.4822578003,4571.4796467401
"seg616",0.000626289081972952,368,368,0.647723385912376,-13988.9861187791,4571.40002716945
"seg617",0.000620541508010369,369,369,0.64774992111906,-13987.3906294651,4580.2920048891
"seg618",0.000614846680626653,370,370,0.648424738055412,-14000.5325010431,4586.85768441031
"seg619",0.000609204115756421,371,371,0.648685207245374,-14004.2623395382,4594.91021196662
"seg620",0.000603613333776653,372,372,0.649012365423869,-14009.5158849784,4602.72343234092
"seg621",0.000598073859465919,374,374,0.649336851298457,-14012.5138432609,4619.53343884788
"seg622",0.000592585221963987,373,373,0.650095158569519,-14032.0335298881,4607.82512749043
"seg623",0.000587146954731798,376,376,0.650115162686643,-14025.8861872759,4634.71493505387
"seg624",0.000581758595511811,378,378,0.650139121192193,-14022.027975775,4652.60335584458
"seg625",0.000576419686288711,379,379,0.650706353457179,-14032.805082172,4659.55509287092
"seg626",0.000571129773250476,381,381,0.651029320564161,-14035.7960337397,4676.37054933302
"seg627",0.000565888406749803,381,381,0.651419829751597,-14044.7532985105,4674.96924373141
"seg628",0.000560695141265889,381,381,0.651482985459159,-14046.2028687366,4674.74261539684
"seg629",0.000555549535366558,384,384,0.65212428880184,-14054.3185656632,4699.40294894774
"seg630",0.000550451151670743,384,384,0.652183993704965,-14055.6917003842,4699.18870350132
"seg631",0.000545399556811306,383,383,0.652633287567009,-14068.2392179819,4688.58925778637
"seg632",0.0005403943213982,383,383,0.65269495889406,-14069.6596604144,4688.36795601209
"seg633",0.000535435019981973,384,384,0.65271866129894,-14067.9988732605,4697.27009897538
"seg634",0.000530521231017604,383,383,0.653392918222238,-14085.7529849848,4685.86339440959
"seg635",0.000525652536828671,383,383,0.653414248289423,-14086.2453170727,4685.78685346359
"seg636",0.000520828523571847,384,384,0.653737073762525,-14091.4935684846,4693.61562134492
"seg637",0.000516048781201723,386,386,0.653989998111973,-14092.9239278698,4710.68241967462
"seg638",0.000511312903435958,387,387,0.654243050069486,-14096.5682929022,4718.76156327407
"seg639",0.000506620487720737,388,388,0.654535398897911,-14101.1263173098,4726.69969373707
"seg640",0.000501971135196561,387,387,0.654784985365736,-14109.1172340498,4716.81687928
"seg641",0.00049736445066434,389,389,0.655035236027661,-14110.4998580899,4733.89327188666
"seg642",0.0004928000425518,390,390,0.655266185714503,-14113.6472934409,4742.05172741192
"seg643",0.000488277522880201,392,392,0.655518785056794,-14115.08907683,4759.11969199932
"seg644",0.000483796507231358,395,395,0.655751217529188,-14113.8509961595,4785.24722032899
"seg645",0.000479356614714963,395,395,0.656004674022333,-14119.7432428549,4784.3377154696
"seg646",0.000474957467936214,396,396,0.65623701970012,-14122.9347797545,4792.49116161226
"seg647",0.000470598692963728,398,398,0.656489780769625,-14124.3899131288,4809.55854585671
"seg648",0.000466279919297767,399,399,0.656701411569382,-14127.1045978703,4817.78632539677
"seg649",0.000462000779838736,400,400,0.656915037884098,-14129.8682706823,4826.00694421852
"seg650",0.000457760910855983,401,401,0.657129930916224,-14132.6640174067,4834.22301754362
"seg651",0.000453559951956882,404,404,0.657346205233959,-14131.0583246001,4860.40852789615
"seg652",0.000449397546056199,403,403,0.657985878558798,-14148.2252664187,4849.12592333058
"seg653",0.000445273339345739,404,404,0.658220689009293,-14151.5011522502,4857.27052486749
"seg654",0.00044118698126427,405,405,0.658422668863437,-14154.0112754335,4865.53293592093
"seg655",0.00043713812446773,404,404,0.658610433197077,-14160.6290675926,4855.8719643954
"seg656",0.000433126424799698,404,404,0.658819750598071,-14165.5356404316,4855.12084852933
"seg657",0.000429151541262142,403,403,0.658993935001548,-14171.8393778535,4845.50860730982
"seg658",0.000425213135986435,406,406,0.659172606273793,-14169.3751028694,4871.82905266512
"seg659",0.000421310874204631,407,407,0.659334642063125,-14170.9591893252,4880.23479924963
"seg660",0.000417444424221018,407,407,0.659519653758807,-14175.3050835818,4879.57090212796
"seg661",0.000413613457383915,407,407,0.659686595349361,-14179.2285413088,4878.97184788414
"seg662",0.000409817648057742,409,409,0.65987605136542,-14179.2413712364,4896.26639637687
"seg663",0.000406056673595336,409,409,0.660045906880558,-14183.2375130494,4895.65688578791
"seg664",0.000402330214310532,410,410,0.660217452697206,-14185.0535243867,4904.02850653114
"seg665",0.000398637953450984,411,411,0.660410766515708,-14187.3837806135,4912.32201484087
"seg666",0.00039497957717124,411,411,0.660603718926304,-14191.9306208427,4911.62962320833
"seg667",0.000391354774506072,413,413,0.660816470377423,-14192.5002356326,4928.84057821672
"seg668",0.000387763237344036,415,415,0.661026928913907,-14193.0165380127,4946.05976113427
"seg669",0.000384204660401285,416,416,0.661235567260298,-14195.7166218435,4954.29827881264
"seg670",0.000380678741195623,419,419,0.661422807411534,-14193.4597140883,4980.58797554916
"seg671",0.000377185180020786,421,421,0.661629934617731,-14193.8991021158,4997.81911263308
"seg672",0.000373723679920976,420,420,0.661815712230365,-14200.5209821849,4988.16527026959
"seg673",0.000370293946665611,421,421,0.662021632367158,-14203.1652797035,4996.41354198822
"seg674",0.000366895688724322,422,422,0.662186576039979,-14204.841507057,5004.8088539055
"seg675",0.000363528617242168,423,423,0.662333019709188,-14206.0807394727,5013.27055135102
"seg676",0.000360192446015084,425,425,0.662481733992119,-14205.1439730343,5030.71129773278
"seg677",0.000356886891465557,426,426,0.662632110606216,-14206.4777341841,5039.15888217436
"seg678",0.000353611672618515,425,425,0.66280456930341,-14212.7996133453,5029.55283349003
"seg679",0.00035036651107745,426,426,0.662956221285216,-14214.167060316,5037.99584139418
"seg680",0.000347151131000751,426,426,0.663190852465114,-14219.7381558531,5037.15388940615
"seg681",0.000343965259078259,428,428,0.663418877632946,-14220.6917036407,5054.31003611431
"seg682",0.000340808624508033,428,428,0.66364150332504,-14225.9849143578,5053.51116469353
"seg683",0.000337680958973332,428,428,0.6638604337036,-14231.1936820459,5052.72555355887
"seg684",0.000334581996619812,427,427,0.664056143845347,-14238.0853709159,5043.03606924601
"seg685",0.000331511474032921,426,426,0.66426773731766,-14245.3576524438,5033.28958909078
"seg686",0.000328469130215516,427,427,0.664439255929995,-14247.2138177164,5041.66130745414
"seg687",0.000325454706565671,427,427,0.664646619877201,-14252.1590456395,5040.91720137382
"seg688",0.000322467946854702,428,428,0.664814714530368,-14253.9375198051,5049.30120629359
"seg689",0.000319508597205382,430,430,0.665000447376786,-14253.9049344572,5066.60911503146
"seg690",0.000316576406070365,430,430,0.665184814212008,-14258.3089424147,5065.94753193109
"seg691",0.000313671124210802,431,431,0.665350148342304,-14260.0261032207,5074.34144272833
"seg692",0.000310792504675158,433,433,0.665515408210708,-14259.5073967018,5091.72281682807
"seg693",0.000307940302778217,434,434,0.665680398841006,-14261.218471967,5100.11796024285
"seg694",0.000305114276080287,436,436,0.66584491038221,-14260.6822075238,5117.50201964459
"seg695",0.00030231418436659,437,437,0.665991235648494,-14261.9483261569,5125.96414196791
"seg696",0.000299539789626846,437,437,0.666155516058362,-14265.8840509851,5125.37463712144
"seg697",0.00029679085603504,439,439,0.666335999362082,-14265.7327741283,5142.70138335103
"seg698",0.000294067149929377,441,441,0.666530892233204,-14265.9271496828,5159.97642219917
"seg699",0.000291368439792422,439,439,0.666721761227048,-14274.9872345044,5141.31711307095
"seg700",0.000288694496231417,441,441,0.666908863796049,-14274.9999164858,5158.62010668777
"seg701",0.000286045091958787,442,442,0.667092889518636,-14277.1801858433,5166.94694445876
"seg702",0.000283420001772818,443,443,0.66728983215955,-14279.672887301,5175.22743107954
"seg703",0.000280819002538514,442,442,0.667482723734972,-14286.5536748515,5165.54806092765
"seg704",0.000278241873168632,441,441,0.667656987978114,-14292.9881606843,5155.93553321099
"seg705",0.000275688394604889,442,442,0.66785972314132,-14295.6290116473,5164.19523390868
"seg706",0.000273158349799341,445,445,0.668072423712109,-14294.0279011435,5190.39356831702
"seg707",0.000270651523695934,446,446,0.668265397168822,-14296.4370763961,5198.68829798312
"seg708",0.000268167703212224,447,447,0.668455044359688,-14298.7681032951,5206.99496364232
"seg709",0.000265706677221267,446,446,0.668614082598418,-14304.8502791511,5197.43707301477
"seg710",0.000263268236533669,448,448,0.668799620107146,-14304.8425098491,5214.74568270361
"seg711",0.000260852173879808,448,448,0.668968145504379,-14308.9142029409,5214.14094511804
"seg712",0.000258458283892213,450,450,0.669147850324089,-14308.767813329,5231.4704848645
"seg713",0.000256086363088113,452,452,0.669324530493727,-14308.5482284707,5248.81087828413
"seg714",0.000253736209852133,453,453,0.669485629116133,-14310.1993037277,5257.21998780428
"seg715",0.000251407624419163,453,453,0.669645276562918,-14314.0644552686,5256.64710791141
"seg716",0.000249100408857374,453,453,0.669803516401333,-14317.8973715303,5256.07927908919
"seg717",0.000246814367051397,454,454,0.66994777362745,-14319.1452854156,5264.54882238073
"seg718",0.000244549304685649,452,452,0.670129798548891,-14328.053761293,5245.92124937704
"seg719",0.000242305029227818,453,453,0.670271357235612,-14329.2402562053,5254.40047612416
"seg720",0.000240081349912501,453,453,0.670424565860225,-14332.9583251871,5253.8507013409
"seg721",0.00023787807772498,452,452,0.67057594901115,-14338.8811095664,5244.32028027813
"seg722",0.000235695025385166,453,453,0.670725530312716,-14340.2671698068,5252.77071862415
"seg723",0.000233532007331671,453,453,0.670861588147702,-14343.5734924074,5252.28248784126
"seg724",0.000231388839706042,453,453,0.671008868719713,-14347.1540780476,5251.75398531889
"seg725",0.000229265340337129,454,454,0.671142728974968,-14348.1618750935,5260.26083716546
"seg726",0.000227161328725601,454,454,0.671287392930279,-14351.6818406507,5259.74172412677
"seg727",0.000225076626028604,456,456,0.671430476925779,-14350.6672712744,5277.20267426702
"seg728",0.000223011055044558,458,458,0.671560707028448,-14349.3387369397,5294.70974939642
"seg729",0.000220964440198098,459,459,0.671678878025495,-14349.9667234892,5303.27290067491
"seg730",0.000218936607525143,459,459,0.671797042205051,-14352.8464760399,5302.84887959666
"seg731",0.000216927384658119,460,460,0.671915117126876,-14353.4735961868,5311.41237563207
"seg732",0.000214936600811298,462,462,0.672044433264297,-14352.1226756498,5328.92273044005
"seg733",0.000212964086766287,466,466,0.672172867707679,-14346.2395285435,5364.41064276575
"seg734",0.00021100967485764,468,468,0.672300665605033,-14344.8468439938,5381.92644563585
"seg735",0.000209073198958613,468,468,0.672427901364931,-14347.9536056827,5381.46987204217
"seg736",0.000207154494467034,471,471,0.672554477172421,-14344.2730183039,5407.97725708782
"seg737",0.000205253398291319,471,471,0.672691415533153,-14347.6193337821,5407.48586662085
"seg738",0.000203369748836606,471,471,0.672826783379048,-14350.928647443,5407.00011179911
"seg739",0.000201503385991021,475,475,0.672949636538417,-14344.8948913602,5442.50805203913
"seg740",0.000199654151112064,476,476,0.673071830846292,-14345.6233732253,5451.05676604398
"seg741",0.00019782188701313,477,477,0.673182610166605,-14346.0729448304,5459.64644166132
"seg742",0.000196006437950145,478,478,0.673293286164903,-14346.5203041521,5468.23648804002
"seg743",0.000194207649608327,478,478,0.673403779385407,-14349.2263865094,5467.83999347904
"seg744",0.000192425369089071,477,477,0.673514109690763,-14354.1916746807,5458.45688670312
"seg745",0.000190659444896951,480,480,0.673624107182202,-14350.0987849268,5485.02376148139
"seg746",0.000188909726926844,482,482,0.673722996627989,-14347.9943140896,5502.64329961924
"seg747",0.000187176066451169,483,483,0.67382203808152,-14348.1577915622,5511.27509547088
"seg748",0.000185458316107247,484,484,0.673921107593315,-14348.3220921319,5519.90679063808
"seg749",0.000183756329884775,484,484,0.67402012477196,-14350.7517425701,5519.55147677721
"seg750",0.000182069963113414,485,485,0.674119017348784,-14350.9125734479,5528.18380685896
"seg751",0.000180399072450491,485,485,0.674217769189477,-14353.3371839377,5527.82944513846
"seg752",0.000178743515868818,485,485,0.674273357960232,-14354.702353886,5527.62997004708
"seg753",0.000177103152644615,484,484,0.674284857266028,-14357.2512861009,5518.60150904585
"seg754",0.000175477843345554,484,484,0.674411888532302,-14360.3719526614,5518.14566925837
"seg755",0.0001738674498189,484,484,0.674503286954886,-14362.6180114174,5517.81769458923
"seg756",0.000172271835179776,485,485,0.67459447477263,-14362.5930244337,5526.47767247647
"seg757",0.000170690863799521,486,486,0.674674276944412,-14362.2880759694,5535.17850668663
"seg758",0.000169124401294164,487,487,0.674765369687763,-14362.2607217277,5543.83882573942
"seg759",0.000167572314513003,488,488,0.674856048601131,-14362.2232091419,5552.50062978229
"seg760",0.000166034471527284,489,489,0.674935272797808,-14361.90380363,5561.20353800192
"seg761",0.000164510741618988,491,491,0.675014503307277,-14359.3143017928,5578.89362038935
"seg762",0.000163000995269721,494,494,0.6750937242776,-14354.4506836437,5605.57093382778
"seg763",0.000161505104149703,495,495,0.675172913341255,-14354.1282096026,5614.27396811896
"seg764",0.000160022941106862,496,496,0.675252030690126,-14353.8038385973,5622.97725975192
"seg765",0.000158554380156024,496,496,0.675342059981219,-14356.0219715801,5622.65419808276
"seg766",0.000157099296468205,496,496,0.675420498733378,-14357.9550394546,5622.37272797572
"seg767",0.00015565756636,497,497,0.675498780597937,-14357.6109517185,5631.0790176658
"seg768",0.00015422906728307,498,498,0.675576870329144,-14357.2619854455,5639.78599680839
"seg769",0.000152813677813726,499,499,0.67566562491673,-14357.1759301613,5648.45470611389
"seg770",0.000151411277642607,499,499,0.675754049546565,-14359.357300811,5648.13740262118
"seg771",0.000150021747564454,501,501,0.675830958844658,-14356.7033244363,5665.83581445798
"seg772",0.000148644969467978,501,501,0.67590762696091,-14358.5956009761,5665.56069811187
"seg773",0.000147280826325818,502,502,0.675994688410415,-14358.4681536728,5674.23548308461
"seg774",0.000145929202184597,502,502,0.676070399893031,-14360.3377607977,5673.96379952861
"seg775",0.000144589982155063,503,503,0.67614582405735,-14359.9233112821,5682.68034380803
"seg776",0.000143263052402325,503,503,0.676220937332828,-14361.7790103744,5682.41080686225
"seg777",0.000141948300136177,503,503,0.676295717916487,-14363.6269178975,5682.14246374985
"seg778",0.000140645613601509,502,502,0.676370153182919,-14367.7441124517,5672.88816295529
"seg779",0.000139354882068811,503,503,0.676444209584049,-14367.297570273,5681.60961532467
"seg780",0.000138075995824755,505,505,0.676517900070556,-14364.5631782237,5699.31957756501
"seg781",0.000136808846162877,505,505,0.676580928503098,-14366.1220792868,5699.09340594493
"seg782",0.00013555332537433,507,507,0.676654238580449,-14363.3766130146,5716.80473324786
"seg783",0.000134309326738734,507,507,0.676716897624979,-14364.9270305288,5716.57988714201
"seg784",0.000133076744515101,508,508,0.676789743190339,-14364.4494410225,5725.30568448201
"seg785",0.000131855473932847,509,509,0.676862149630175,-14363.9607774202,5734.03305758277
"seg786",0.00013064541118289,510,510,0.676934121813156,-14363.4611529131,5742.76198897354
"seg787",0.000129446453408821,511,511,0.677005666408172,-14362.9507254255,5751.49245472362
"seg788",0.000128258498698167,513,513,0.677076774929156,-14360.1457933534,5769.21168210514
"seg789",0.000127081446073722,513,513,0.677568585462215,-14372.3390427226,5767.44686612365
"seg790",0.000125915195484969,513,513,0.677723192236773,-14376.1759853189,5766.89207421041
"seg791",0.000124759647799572,517,517,0.677872282536881,-14370.7377259599,5802.30586493111
"seg792",0.000123614704794954,518,518,0.678016448582579,-14372.0323349273,5810.77573541503
"seg793",0.000122480269149942,520,520,0.678134752141072,-14370.3973347607,5828.32560782986
"seg794",0.000121356244436501,522,522,0.678257803613768,-14368.8790221663,5845.85844279978
"seg795",0.000120242535111531,524,524,0.678378189497994,-14367.2931263676,5863.40084298398
"seg796",0.000119139046508752,525,525,0.678556033944774,-14369.4272188577,5871.7498616836
"seg797",0.000118045684830654,526,526,0.678707387394481,-14370.903509412,5880.19394084219
"seg798",0.000116962357140523,529,529,0.678835555630097,-14367.2174739678,5906.69561160882
"seg799",0.000115888971354545,530,530,0.678967204485454,-14368.2035445195,5915.21039885657
"seg800",0.000114825436233974,530,530,0.67910193668658,-14371.5617180985,5914.72692498648
"seg801",0.000113771661377383,532,532,0.679227825192293,-14370.1111151921,5932.24957952944
"seg802",0.000112727557212974,532,532,0.679311022566603,-14372.1863117831,5931.95103355303
"seg803",0.000111693034990964,533,533,0.679394127373665,-14371.9640031359,5940.64001656617
"seg804",0.000110668006776049,532,532,0.679517383848973,-14377.3359170759,5931.21052544146
"seg805",0.000109652385439919,532,532,0.679575766507858,-14378.7934183419,5931.00102474451
"seg806",0.00010864608465386,532,532,0.6796403719404,-14380.4065783889,5930.76919420779
"seg807",0.000107649018881412,532,532,0.679716688527982,-14382.3125783332,5930.49533928935
"seg808",0.000106661103371099,534,534,0.679792700370215,-14379.6193359695,5948.19697156235
"seg809",0.000105682254149228,533,533,0.679885462254588,-14384.2335664407,5938.87690741777
"seg810",0.000104712388012744,533,533,0.679965841992572,-14386.2425931294,5938.58847226511
"seg811",0.000103751422522166,536,536,0.680028817308673,-14380.9260698896,5965.32408171037
"seg812",0.000102799275994574,537,537,0.68009743548405,-14380.3436671324,5974.06504864293
"seg813",0.000101855867496668,537,537,0.68016581913924,-14382.0539620234,5973.81966030852
"seg814",0.000100921116837889,539,539,0.680233951142318,-14379.160087063,5991.54956864544
"seg815",9.9994944563602e-05,540,540,0.6803018222949,-14378.5582429926,6000.29321619924
"seg816",9.90772719483409e-05,540,540,0.680374917150113,-14380.3875486986,6000.03092216531
"seg817",9.81680209891191e-05,540,540,0.680441987005962,-14382.0664380567,5999.79024827665
"seg818",9.72671143987984e-05,541,541,0.680508729038291,-14381.4368098481,6008.5379475726
"seg819",9.63744755995191e-05,542,542,0.680580618022884,-14380.9358203712,6017.26717751298
"seg820",9.54900287161911e-05,543,543,0.680624876327396,-14379.7424703502,6026.09555755794
"seg821",9.46136985700444e-05,543,543,0.680674885148816,-14380.9952350998,6025.91610559154
"seg822",9.37454106722389e-05,544,544,0.680724978820681,-14379.9478089156,6034.72354596793
"seg823",9.28850912175328e-05,544,544,0.680775120092693,-14381.2042857803,6034.54361871499
"seg824",9.20326670780089e-05,546,546,0.68081978347037,-14377.7167796795,6052.35774201354
"seg825",9.1188065796859e-05,548,548,0.68087008865657,-14374.368385579,6070.15162021123
"seg826",9.03512155822245e-05,550,550,0.680914842875099,-14370.8785418302,6087.9654175359
"seg827",8.95220453010946e-05,550,550,0.680959678324787,-14372.0027207261,6087.80452972886
"seg828",8.87004844732596e-05,551,551,0.68101009229956,-14370.96011814,6096.6108207283
"seg829",8.78864632653201e-05,553,553,0.681054873497258,-14367.4677271021,6114.42452124075
"seg830",8.7079912484751e-05,556,556,0.681105183899853,-14361.8017784348,6141.20557754056
"seg831",8.62807635740201e-05,557,557,0.681149841285432,-14360.6115967583,6150.03252552053
"seg832",8.54889486047609e-05,558,558,0.681183459723144,-14359.1439480572,6158.89908572982
"seg833",8.47044002719983e-05,558,558,0.681206071296018,-14359.711355877,6158.81794622082
"seg834",8.39270518884278e-05,558,558,0.681240217295715,-14360.5682813186,6158.69541650273
"seg835",8.3156837378747e-05,558,558,0.681346221524698,-14363.2291404259,6158.31503026689
"seg836",8.2393691274039e-05,557,557,0.681411525724243,-14367.1799957217,6149.09349544965
"seg837",8.16375487062077e-05,556,556,0.681560207666285,-14373.2249483107,6139.57276742167
"seg838",8.08883454024638e-05,556,556,0.681581078463082,-14373.749291845,6139.49787452438
"seg839",8.01460176798617e-05,559,559,0.681602229921438,-14367.3471663579,6166.3835649614
"seg840",7.9410502439886e-05,560,560,0.681628949577636,-14365.7061195588,6175.27488080126
"seg841",7.86817371630888e-05,561,561,0.681655882995504,-14364.0698791581,6184.16542957741
"seg842",7.79596599037748e-05,560,560,0.681699063096003,-14367.468119962,6175.02328501505
"seg843",7.72442092847361e-05,560,560,0.681752751053743,-14368.81759726,6174.83063081294
"seg844",7.65353244920352e-05,561,561,0.681784864256527,-14367.3118400529,6183.70259241663
"seg845",7.58329452698356e-05,562,562,0.681817064889177,-14365.8077405093,6192.57424028643
"seg846",7.51370119152803e-05,562,562,0.681854641199422,-14366.7525687849,6192.4394012206
"seg847",7.44474652734163e-05,563,563,0.681892151666992,-14365.38155887,6201.29199524569
"seg848",7.37642467321672e-05,563,563,0.681934861493225,-14366.4557277436,6201.13873503909
"seg849",7.30872982173508e-05,562,562,0.681972087239065,-14369.7063814325,6192.01795712009
"seg850",7.24165621877426e-05,565,565,0.682040335875602,-14364.4786121366,6218.73464374944
"seg851",7.17519816301847e-05,564,564,0.682066397339772,-14367.4498957675,6209.65392780835
"seg852",7.109350005474e-05,564,564,0.68211827555686,-14368.7553872206,6209.46776769088
"seg853",7.04410614898903e-05,566,566,0.682138975871527,-14364.6446590057,6227.36788019406
"seg854",6.97946104777785e-05,566,566,0.682159812761016,-14365.1691038643,6227.29310896998
"seg855",6.91540920694949e-05,567,567,0.682180772725812,-14363.3798954976,6236.20509292236
"seg856",6.85194518204065e-05,567,567,0.682201845617825,-14363.9103502681,6236.12947482534
"seg857",6.78906357855289e-05,568,568,0.682228262540207,-14362.2579675213,6245.02187699711
"seg858",6.7267590514941e-05,568,568,0.682270336947358,-14363.3172736296,6244.87089693231
"seg859",6.66502630492419e-05,568,568,0.682322260978673,-14364.6247568289,6244.68457241478
"seg860",6.60386009150493e-05,569,569,0.682358241151847,-14363.2128550073,6253.54265775782
"seg861",6.54325521205389e-05,571,571,0.682378803404727,-14359.0928062628,6271.44326568278
"seg862",6.48320651510254e-05,572,572,0.682383997112303,-14356.9037166179,6280.41182537081
"seg863",6.42370889645835e-05,572,572,0.682404940314298,-14357.4312440049,6280.33667265426
"seg864",6.36475729877093e-05,572,572,0.682410221858178,-14357.5642835503,6280.3177203293
"seg865",6.30634671110216e-05,573,573,0.682426210881366,-14355.6465221692,6289.24754203952
"seg866",6.24847216850026e-05,574,574,0.682431590905477,-14353.4608957649,6298.21543314813
"seg867",6.19112875157774e-05,575,575,0.682458605050083,-14351.8196684156,6307.10569224395
"seg868",6.13431158609329e-05,577,577,0.682603356544236,-14350.8218671455,6324.56065872166
"seg869",6.07801584253741e-05,577,577,0.682623298776991,-14351.3245280194,6324.48909788937
"seg870",6.02223673572193e-05,577,577,0.682628330390433,-14351.4513590895,6324.47104241634
"seg871",5.9669695243733e-05,577,577,0.682648607749253,-14351.9625075899,6324.3982790156
"seg872",5.91220951072948e-05,577,577,0.682653716708334,-14352.0912985851,6324.37994599499
"seg873",5.85795204014073e-05,578,578,0.682669173488987,-14350.1573004331,6333.31167760764
"seg874",5.8041925006739e-05,578,578,0.682674369599814,-14350.288296931,6333.29303185117
"seg875",5.75092632272042e-05,578,578,0.682695266754985,-14350.8151461049,6333.21804436934
"seg876",5.69814897860791e-05,578,578,0.682700521096947,-14350.9476215436,6333.1991896559
"seg877",5.64585598221527e-05,579,579,0.682721637261856,-14349.1557515473,6342.11061309882
"seg878",5.5940428885914e-05,579,579,0.682778872299716,-14350.5990318368,6341.90523053231
"seg879",5.54270529357736e-05,582,582,0.682829686576928,-14344.9040049241,6368.6844787253
"seg880",5.49183883343203e-05,583,583,0.68285977785386,-14343.336241831,6377.56369582031
"seg881",5.44143918446115e-05,583,583,0.682889689310529,-14344.0908069157,6377.45636136281
"seg882",5.39150206264982e-05,583,583,0.68291450855516,-14344.7169667121,6377.36729983072
"seg883",5.34202322329839e-05,584,584,0.682944157486666,-14343.137617749,6386.24810424081
"seg884",5.29299846066159e-05,584,584,0.682973630636668,-14343.8813232047,6386.14234260568
"seg885",5.2444236075911e-05,584,584,0.682998087677573,-14344.4985080622,6386.0545808077
"seg886",5.1962945351813e-05,587,587,0.683032119758698,-14338.371374025,6412.89405033771
"seg887",5.14860715241832e-05,587,587,0.683070604432446,-14339.3427534649,6412.75595169462
"seg888",5.10135740583232e-05,589,589,0.683113329553872,-14335.7608077662,6430.57703024398
"seg889",5.05454127915289e-05,588,588,0.683136878038263,-14338.6858878954,6421.50533189519
"seg890",5.00815479296772e-05,588,588,0.683160380464402,-14339.2792872825,6421.42099564278
"seg891",4.96219400438433e-05,588,588,0.683188471285002,-14339.9885941798,6421.32019436709
"seg892",4.9166550066949e-05,588,588,0.683230181920672,-14341.0419240719,6421.17051966214
"seg893",4.87153392904421e-05,587,587,0.683266790903216,-14344.2964679646,6412.05195494039
"seg894",4.82682693610062e-05,587,587,0.683298545275803,-14345.0985553634,6411.93800735193
"seg895",4.78253022773006e-05,587,587,0.683325603077391,-14345.7820749901,6411.8409129681
"seg896",4.738640038673e-05,588,588,0.683361383165622,-14344.356088888,6420.69971629719
"seg897",4.69515263822442e-05,589,589,0.68339677864568,-14342.9198577057,6429.55989975665
"seg898",4.6520643299167e-05,590,590,0.683427470661842,-14341.3642368284,6438.43696115527
"seg899",4.60937145120539e-05,591,591,0.683457933640246,-14339.802273279,6447.3148444344
"seg900",4.56707037315792e-05,592,592,0.683488170522482,-14338.234039496,6456.19353903842
"seg901",4.5251575001451e-05,593,593,0.683518183825721,-14336.6595972296,6465.07303593472
"seg902",4.48362926953555e-05,595,595,0.683547979300658,-14332.7447495014,6482.94051130811
"seg903",4.4424821513928e-05,595,595,0.683573365631803,-14333.3865491501,6482.84941483924
"seg904",4.40171264817529e-05,595,595,0.683602801807734,-14334.1307986411,6482.7437858821
"seg905",4.36131729443908e-05,596,596,0.683627880029959,-14332.4299472893,6491.64099185386
"seg906",4.32129265654325e-05,596,596,0.683652837464157,-14333.0610627909,6491.55143444146
"seg907",4.28163533235806e-05,597,597,0.683694016393164,-14331.7668889925,6500.39086453667
"seg908",4.24234195097576e-05,597,597,0.683714436492423,-14332.2833701085,6500.31758892525
"seg909",4.20340917242406e-05,597,597,0.683742888366438,-14333.003052752,6500.21549204323
"seg910",4.16483368738224e-05,597,597,0.683779107693236,-14333.9193047414,6500.08552238526
"seg911",4.12661221689983e-05,597,597,0.683814884414159,-14334.824463023,6499.95714097696
"seg912",4.08874151211792e-05,597,597,0.683838534904929,-14335.4228814601,6499.8722734085
"seg913",4.05121835399301e-05,598,598,0.683862075479123,-14333.6823299622,6508.77499708604
"seg914",4.01403955302334e-05,601,601,0.683881628346185,-14327.1646494336,6535.66642391802
"seg915",3.97720194897785e-05,601,601,0.683905011481505,-14327.7564277617,6535.58251572952
"seg916",3.9407024106275e-05,601,601,0.683928282589134,-14328.3454143672,6535.4990095419
"seg917",3.90453783547914e-05,602,602,0.6839514415531,-14326.5928452838,6544.40310259195
"seg918",3.86870514951178e-05,602,602,0.683970671509735,-14327.0796196396,6544.33409769573
"seg919",3.83320130691533e-05,603,603,0.683993660810919,-14325.3222015701,6553.23879956477
"seg920",3.79802328983166e-05,604,604,0.684012747014058,-14323.4653759396,6562.15750733515
"seg921",3.76316810809809e-05,604,604,0.68403178362646,-14323.947349454,6562.08919623659
"seg922",3.72863279899324e-05,604,604,0.684050768358858,-14324.4280383785,6562.02107130455
"seg923",3.6944144269852e-05,606,606,0.684069699246936,-14320.2254425327,6579.92753322913
"seg924",3.66051008348198e-05,607,607,0.684088576120334,-14318.3615325997,6588.84699215966
"seg925",3.62691688658429e-05,608,608,0.684111133311615,-14316.590222348,6597.75324461457
"seg926",3.59363198084058e-05,608,608,0.684129853445014,-14317.0643305573,6597.68606917123
"seg927",3.56065253700433e-05,607,607,0.684152240874745,-14319.9739129203,6588.61853715821
"seg928",3.52797575179354e-05,608,608,0.684155976494583,-14317.7259728208,6597.59232905737
"seg929",3.49559884765248e-05,607,607,0.684170951299567,-14320.4478369167,6588.55139655319
"seg930",3.46351907251556e-05,607,607,0.684174702042199,-14320.5428443879,6588.53793736495
"seg931",3.43173369957343e-05,607,607,0.684197188966087,-14321.1124687875,6588.45724514715
"seg932",3.40024002704117e-05,607,607,0.684241518615664,-14322.235517972,6588.29817235637
"seg933",3.36903537792867e-05,607,607,0.684274204009361,-14323.0636720818,6588.18088388595
"seg934",3.33811709981307e-05,608,608,0.684302922661338,-14321.4488321998,6597.0650265169
"seg935",3.30748256461329e-05,608,608,0.684327827430257,-14322.0799625613,6596.97565808892
"seg936",3.27712916836666e-05,608,608,0.684349034709822,-14322.6174313357,6596.89955775478
"seg937",3.24705433100755e-05,609,609,0.68437361405777,-14320.8972127593,6605.7985538901
"seg938",3.21725549614809e-05,609,609,0.684394544458644,-14321.4277411517,6605.72344710918
"seg939",3.18773013086089e-05,609,609,0.684411910878154,-14321.8679590763,6605.6611293412
"seg940",3.1584757254637e-05,610,610,0.684425773980942,-14319.8755623909,6614.59857971743
"seg941",3.12948979330608e-05,610,610,0.684439620237569,-14320.2265811815,6614.54889372387
"seg942",3.10076987055809e-05,611,611,0.684453447296015,-14318.2326670338,6623.48647344184
"seg943",3.0723135160008e-05,612,612,0.684467253821125,-14316.2376128928,6632.42412684176
"seg944",3.04411831081883e-05,612,612,0.684481037431521,-14316.5870894306,6632.37466564833
"seg945",3.01618185839471e-05,612,612,0.684484489647372,-14316.6746210252,6632.36227769545
"seg946",2.98850178410519e-05,612,612,0.68450175391766,-14317.1123742783,6632.30032648037
"seg947",2.9610757351194e-05,612,612,0.68451893862574,-14317.5481339397,6632.23866076681
"seg948",2.93390138019884e-05,611,611,0.684532644676266,-14320.2407972423,6623.20228106904
"seg949",2.90697640949922e-05,611,611,0.684553092273629,-14320.7593487747,6623.12890678324
"seg950",2.88029853437413e-05,612,612,0.684576742169717,-14319.0140562326,6632.03123816941
"seg951",2.85386548718052e-05,614,614,0.684590178885934,-14314.66275749,6649.95741541453
"seg952",2.82767502108592e-05,614,614,0.684603583923315,-14315.0027677586,6649.90931269486
"seg953",2.80172490987746e-05,614,614,0.684616955608617,-14315.3419464705,6649.861329656
"seg954",2.77601294777268e-05,614,614,0.684620301966769,-14315.4268305748,6649.84932156355
"seg955",2.75053694923196e-05,615,615,0.68463702482041,-14313.5040357202,6658.776509992
"seg956",2.72529474877283e-05,615,615,0.684650348366749,-14313.8420291778,6658.7286996953
"seg957",2.70028420078584e-05,616,616,0.684663633062471,-14311.831413327,6667.66822563105
"seg958",2.67550317935223e-05,616,616,0.684666956532812,-14311.9157293325,6667.65629966937
"seg959",2.65094957806317e-05,616,616,0.684683560326163,-14312.3369786965,6667.59671851384
"seg960",2.62662130984078e-05,616,616,0.68469678559852,-14312.67252859,6667.5492608641
"seg961",2.60251630676066e-05,617,617,0.6847099688703,-14310.6587528552,6676.48915075016
"seg962",2.57863251987615e-05,618,618,0.684713265909288,-14308.3935002848,6685.46451645557
"seg963",2.55496791904418e-05,618,618,0.684729733314563,-14308.8113506681,6685.40542471587
"seg964",2.53152049275268e-05,620,620,0.684742847096452,-14304.4443899584,6703.33276078054
"seg965",2.50828824794961e-05,620,620,0.684746126030397,-14304.5275969776,6703.32099463354
"seg966",2.48526920987353e-05,620,620,0.684762499084615,-14304.9430965038,6703.26224146376
"seg967",2.46246142188579e-05,621,621,0.684765769775482,-14302.6752787528,6712.23770171693
"seg968",2.43986294530416e-05,622,622,0.684778848886794,-14300.6557486297,6721.17796537306
"seg969",2.41747185923808e-05,622,622,0.684782118084417,-14300.7387180514,6721.16623416394
"seg970",2.39528626042537e-05,622,622,0.684795189035208,-14301.0704561297,6721.11933028267
"seg971",2.37330426307044e-05,622,622,0.684798455514517,-14301.1533608601,6721.10760882797
"seg972",2.351523998684e-05,622,622,0.684811513133884,-14301.48477776,6721.06075278526
"seg973",2.32994361592426e-05,622,622,0.684814775655628,-14301.5675863337,6721.04904553191
"seg974",2.30856128043953e-05,623,623,0.684827815205314,-14299.5464660327,6729.98945115122
"seg975",2.28737517471231e-05,623,623,0.684831072644096,-14299.6291498678,6729.9777621376
"seg976",2.26638349790482e-05,624,624,0.684844089697905,-14297.6068377838,6738.91824848125
"seg977",2.24558446570591e-05,625,625,0.684847341197016,-14295.3360034405,6747.89377760225
"seg978",2.22497631017937e-05,626,626,0.684860333687001,-14293.3118083554,6756.83435209089
"seg979",2.2045572796137e-05,626,626,0.684863578595512,-14293.3941826311,6756.82270804096
"seg980",2.18432563837318e-05,626,626,0.68486683141628,-14293.4767586162,6756.81103559865
"seg981",2.16427966675036e-05,626,626,0.684876588475271,-14293.72445606,6756.77602330737
"seg982",2.14441766081985e-05,626,626,0.684879840447977,-14293.8070139245,6756.76435390824
"seg983",2.12473793229352e-05,627,627,0.684883099422826,-14291.5351017238,6765.73985620325
"seg984",2.10523880837699e-05,627,627,0.684886364903689,-14291.6180042346,6765.72813833137
"seg985",2.08591863162741e-05,627,627,0.68488963660512,-14291.7010655319,6765.71639813757
"seg986",2.06677575981263e-05,627,627,0.684892914261959,-14291.7842788886,6765.70463657335
"seg987",2.04780856577154e-05,627,627,0.68489619761719,-14291.8676377843,6765.69285456097
"seg988",2.02901543727582e-05,627,627,0.684899486418094,-14291.9511358073,6765.68105300732
"seg989",2.01039477689288e-05,628,628,0.684902780548284,-14289.6794824284,6774.65642915068
"seg990",1.99194500185005e-05,628,628,0.684906079805557,-14289.7632476752,6774.64459007532
"seg991",1.97366454390008e-05,629,629,0.684909383916719,-14287.491210303,6783.6199304029
"seg992",1.95555184918783e-05,629,629,0.68491269262056,-14287.5752171517,6783.60805742942
"seg993",1.93760537811817e-05,630,630,0.684916005660605,-14285.3027688293,6792.58336571654
"seg994",1.91982360522513e-05,630,630,0.684919322801294,-14285.3869916578,6792.57146246822
"seg995",1.90220501904224e-05,631,631,0.684922643821282,-14283.1141080451,6801.54674212006
"seg996",1.88474812197404e-05,631,631,0.684925968515362,-14283.198524435,6801.53481176711
"seg997",1.86745143016878e-05,631,631,0.684929296661608,-14283.2830293702,6801.52286902638
"seg998",1.85031347339231e-05,631,631,0.684932628046058,-14283.3676174205,6801.51091466566
"seg999",1.8333327949031e-05,631,631,0.684935962461302,-14283.4522833221,6801.49894942922
"seg1000",1.81650795132841e-05,631,631,0.684939299705761,-14283.5370219589,6801.48697404041
