Round,Track,Qualifying,Stint,Lap,"Rear Wing","Front Wing",Engine,Brake,Differential,Suspension,Fuel,"Tyre Remaining","Tyre Choice","Lap Time","Lap Distance",Cornering,Inclines,Camber,Grip,Altitude,Roughness,Width,Temperature,Humidity,"Wind (Avg. Speed)","Wind (Gusts)","Air Density","Air Pressure"
1,France,1,0,1,500,370,130,250,250,10,10,100,"Extra Soft",63.90551275,3.3,98,73,13,18,15,74,8,39,74,48,77,14,41
1,France,0,1,1,500,370,10,130,10,10,47.751806896136,96.875549145908,Hard,68.19942125,3.3,98,73,13,18,15,74,8,39,74,48,77,14,41
1,France,0,2,1,10,500,130,250,10,10,47.751806896136,96.875549145908,Hard,70.55448065,3.3,98,73,13,18,15,74,8,39,74,48,77,14,41
1,France,0,3,1,130,500,500,250,10,10,47.751806896136,96.875549145908,Hard,71.12798065,3.3,98,73,13,18,15,74,8,39,74,48,77,14,41
1,France,0,4,1,130,130,500,370,10,10,47.751806896136,96.875549145908,Hard,71.50342125,3.3,98,73,13,18,15,74,8,39,74,48,77,14,41
1,France,0,5,1,500,10,250,500,10,10,47.751806896136,96.875549145908,Hard,69.30716485,3.3,98,73,13,18,15,74,8,39,74,48,77,14,41
1,France,0,6,1,10,130,500,500,10,10,47.751806896136,96.875549145908,Hard,73.16016485,3.3,98,73,13,18,15,74,8,39,74,48,77,14,41
1,France,0,7,1,250,250,370,130,130,10,47.751806896136,96.875549145908,Hard,71.56592125,3.3,98,73,13,18,15,74,8,39,74,48,77,14,41
1,France,0,8,1,250,250,370,250,130,10,47.751806896136,96.875549145908,Hard,69.70792125,3.3,98,73,13,18,15,74,8,39,74,48,77,14,41
1,France,0,9,1,130,500,10,10,250,10,47.751806896136,96.875549145908,Hard,68.95948065,3.3,98,73,13,18,15,74,8,39,74,48,77,14,41
1,France,0,10,1,500,370,130,250,250,10,47.751806896136,96.875549145908,Hard,66.28042125,3.3,98,73,13,18,15,74,8,39,74,48,77,14,41
1,France,0,11,1,10,500,130,250,250,10,47.751806896136,96.875549145908,Hard,68.30448065,3.3,98,73,13,18,15,74,8,39,74,48,77,14,41
1,France,0,12,1,10,500,10,250,370,10,47.751806896136,96.875549145908,Hard,68.05291215,3.3,98,73,13,18,15,74,8,39,74,48,77,14,41
1,France,0,13,1,500,250,370,500,370,10,47.751806896136,96.875549145908,Hard,67.95659635,3.3,98,73,13,18,15,74,8,39,74,48,77,14,41
1,France,0,14,1,250,250,10,10,500,10,47.751806896136,96.875549145908,Hard,70.56685275,3.3,98,73,13,18,15,74,8,39,74,48,77,14,41
1,France,0,15,1,500,10,500,10,500,10,47.751806896136,96.875549145908,Hard,73.45085275,3.3,98,73,13,18,15,74,8,39,74,48,77,14,41
1,France,0,16,1,250,500,130,250,500,10,47.751806896136,96.875549145908,Hard,68.33441215,3.3,98,73,13,18,15,74,8,39,74,48,77,14,41
1,France,0,17,1,370,10,10,370,10,130,47.751806896136,96.875549145908,Hard,70.66592125,3.3,98,73,13,18,15,74,8,39,74,48,77,14,41
1,France,0,18,1,130,500,370,10,130,130,47.751806896136,96.875549145908,Hard,72.29548065,3.3,98,73,13,18,15,74,8,39,74,48,77,14,41
1,France,0,19,1,130,500,250,130,130,130,47.751806896136,96.875549145908,Hard,70.05048065,3.3,98,73,13,18,15,74,8,39,74,48,77,14,41
1,France,0,20,1,130,130,10,370,130,130,47.751806896136,96.875549145908,Hard,70.77292125,3.3,98,73,13,18,15,74,8,39,74,48,77,14,41
1,France,0,21,1,250,370,500,500,130,130,47.751806896136,96.875549145908,Hard,69.76716485,3.3,98,73,13,18,15,74,8,39,74,48,77,14,41
1,France,0,22,1,500,370,250,10,250,130,47.751806896136,96.875549145908,Hard,68.43642125,3.3,98,73,13,18,15,74,8,39,74,48,77,14,41
1,France,0,23,1,130,10,500,500,250,130,47.751806896136,96.875549145908,Hard,72.21416485,3.3,98,73,13,18,15,74,8,39,74,48,77,14,41
1,France,0,24,1,10,10,250,130,370,130,47.751806896136,96.875549145908,Hard,72.36435275,3.3,98,73,13,18,15,74,8,39,74,48,77,14,41
1,France,0,25,1,10,250,130,250,370,130,47.751806896136,96.875549145908,Hard,70.67635275,3.3,98,73,13,18,15,74,8,39,74,48,77,14,41
1,France,0,26,1,130,10,370,500,370,130,47.751806896136,96.875549145908,Hard,72.40509635,3.3,98,73,13,18,15,74,8,39,74,48,77,14,41
1,France,0,27,1,250,130,500,500,370,130,47.751806896136,96.875549145908,Hard,71.91859635,3.3,98,73,13,18,15,74,8,39,74,48,77,14,41
1,France,0,28,1,500,250,10,250,500,130,47.751806896136,96.875549145908,Hard,68.70235275,3.3,98,73,13,18,15,74,8,39,74,48,77,14,41
1,France,0,29,1,250,500,500,370,500,130,47.751806896136,96.875549145908,Hard,70.35391215,3.3,98,73,13,18,15,74,8,39,74,48,77,14,41
1,France,0,30,1,370,10,130,10,10,250,47.751806896136,96.875549145908,Hard,72.65992125,3.3,98,73,13,18,15,74,8,39,74,48,77,14,41
1,France,0,31,1,130,500,250,10,10,250,47.751806896136,96.875549145908,Hard,71.60648065,3.3,98,73,13,18,15,74,8,39,74,48,77,14,41
1,France,0,32,1,500,130,250,130,10,250,47.751806896136,96.875549145908,Hard,71.45742125,3.3,98,73,13,18,15,74,8,39,74,48,77,14,41
1,France,0,33,1,370,130,500,500,10,250,47.751806896136,96.875549145908,Hard,71.53416485,3.3,98,73,13,18,15,74,8,39,74,48,77,14,41
1,France,0,34,1,250,250,500,370,130,250,47.751806896136,96.875549145908,Hard,72.60342125,3.3,98,73,13,18,15,74,8,39,74,48,77,14,41
1,France,0,35,1,370,370,250,500,130,250,47.751806896136,96.875549145908,Hard,69.04566485,3.3,98,73,13,18,15,74,8,39,74,48,77,14,41
1,France,0,36,1,370,10,130,250,250,250,47.751806896136,96.875549145908,Hard,70.95192125,3.3,98,73,13,18,15,74,8,39,74,48,77,14,41
1,France,0,37,1,500,250,250,250,250,250,47.751806896136,96.875549145908,Hard,69.66642125,3.3,98,73,13,18,15,74,8,39,74,48,77,14,41
1,France,0,38,1,500,130,10,250,370,250,47.751806896136,96.875549145908,Hard,69.81585275,3.3,98,73,13,18,15,74,8,39,74,48,77,14,41
1,France,0,39,1,370,370,250,500,370,250,47.751806896136,96.875549145908,Hard,68.91809635,3.3,98,73,13,18,15,74,8,39,74,48,77,14,41
1,France,0,40,1,500,500,500,10,500,250,47.751806896136,96.875549145908,Hard,72.04541215,3.3,98,73,13,18,15,74,8,39,74,48,77,14,41
1,France,0,41,1,370,10,10,250,500,250,47.751806896136,96.875549145908,Hard,71.02085275,3.3,98,73,13,18,15,74,8,39,74,48,77,14,41
1,France,0,42,1,250,370,130,250,500,250,47.751806896136,96.875549145908,Hard,70.10785275,3.3,98,73,13,18,15,74,8,39,74,48,77,14,41
1,France,0,43,1,370,10,500,250,500,250,47.751806896136,96.875549145908,Hard,72.74735275,3.3,98,73,13,18,15,74,8,39,74,48,77,14,41
1,France,0,44,1,130,370,370,370,500,250,47.751806896136,96.875549145908,Hard,71.98885275,3.3,98,73,13,18,15,74,8,39,74,48,77,14,41
1,France,0,45,1,130,250,250,500,500,250,47.751806896136,96.875549145908,Hard,71.40959635,3.3,98,73,13,18,15,74,8,39,74,48,77,14,41
1,France,0,46,1,500,370,10,10,10,370,47.751806896136,96.875549145908,Hard,69.58342125,3.3,98,73,13,18,15,74,8,39,74,48,77,14,41
1,France,0,47,1,10,250,10,130,10,370,47.751806896136,96.875549145908,Hard,72.76692125,3.3,98,73,13,18,15,74,8,39,74,48,77,14,41
1,France,0,48,1,130,500,500,130,10,370,47.751806896136,96.875549145908,Hard,74.20898065,3.3,98,73,13,18,15,74,8,39,74,48,77,14,41
1,France,0,49,1,500,500,130,370,10,370,47.751806896136,96.875549145908,Hard,67.88298065,3.3,98,73,13,18,15,74,8,39,74,48,77,14,41
1,France,0,50,1,500,370,500,130,130,370,47.751806896136,96.875549145908,Hard,71.02592125,3.3,98,73,13,18,15,74,8,39,74,48,77,14,41
1,France,0,51,1,10,250,130,500,130,370,47.751806896136,96.875549145908,Hard,72.09266485,3.3,98,73,13,18,15,74,8,39,74,48,77,14,41
1,France,0,52,1,500,250,370,10,250,370,47.751806896136,96.875549145908,Hard,72.00742125,3.3,98,73,13,18,15,74,8,39,74,48,77,14,41
1,France,0,53,1,10,130,500,10,250,370,47.751806896136,96.875549145908,Hard,76.02442125,3.3,98,73,13,18,15,74,8,39,74,48,77,14,41
1,France,0,54,1,250,370,130,10,370,370,47.751806896136,96.875549145908,Hard,72.39035275,3.3,98,73,13,18,15,74,8,39,74,48,77,14,41
1,France,0,55,1,10,130,370,130,370,370,47.751806896136,96.875549145908,Hard,73.45835275,3.3,98,73,13,18,15,74,8,39,74,48,77,14,41
1,France,0,56,1,130,250,500,250,500,370,47.751806896136,96.875549145908,Hard,73.42635275,3.3,98,73,13,18,15,74,8,39,74,48,77,14,41
1,France,0,57,1,130,500,500,10,10,500,47.751806896136,96.875549145908,Hard,74.19348065,3.3,98,73,13,18,15,74,8,39,74,48,77,14,41
1,France,0,58,1,250,500,10,130,10,500,47.751806896136,96.875549145908,Hard,71.15398065,3.3,98,73,13,18,15,74,8,39,74,48,77,14,41
1,France,0,59,1,250,500,370,130,10,500,47.751806896136,96.875549145908,Hard,73.53398065,3.3,98,73,13,18,15,74,8,39,74,48,77,14,41
1,France,0,60,1,370,10,10,250,10,500,47.751806896136,96.875549145908,Hard,72.09842125,3.3,98,73,13,18,15,74,8,39,74,48,77,14,41
1,France,0,61,1,10,250,130,130,130,500,47.751806896136,96.875549145908,Hard,74.24742125,3.3,98,73,13,18,15,74,8,39,74,48,77,14,41
1,France,0,62,1,250,10,10,10,250,500,47.751806896136,96.875549145908,Hard,72.48542125,3.3,98,73,13,18,15,74,8,39,74,48,77,14,41
1,France,0,63,1,250,500,10,250,250,500,47.751806896136,96.875549145908,Hard,68.41998065,3.3,98,73,13,18,15,74,8,39,74,48,77,14,41
1,France,0,64,1,370,130,370,250,250,500,47.751806896136,96.875549145908,Hard,72.69842125,3.3,98,73,13,18,15,74,8,39,74,48,77,14,41
1,France,0,65,1,500,500,500,500,250,500,47.751806896136,96.875549145908,Hard,69.15772425,3.3,98,73,13,18,15,74,8,39,74,48,77,14,41
1,France,0,66,1,500,500,130,250,370,500,47.751806896136,96.875549145908,Hard,69.98091215,3.3,98,73,13,18,15,74,8,39,74,48,77,14,41
1,France,0,67,1,10,10,250,10,500,500,47.751806896136,96.875549145908,Hard,75.93435275,3.3,98,73,13,18,15,74,8,39,74,48,77,14,41
1,France,0,68,1,370,370,10,250,500,500,47.751806896136,96.875549145908,Hard,70.43435275,3.3,98,73,13,18,15,74,8,39,74,48,77,14,41
1,France,0,69,1,10,500,10,500,500,500,47.751806896136,96.875549145908,Hard,71.86165575,3.3,98,73,13,18,15,74,8,39,74,48,77,14,41
1,France,0,70,1,500,10,250,500,500,500,47.751806896136,96.875549145908,Hard,72.10359635,3.3,98,73,13,18,15,74,8,39,74,48,77,14,41
1,France,0,71,1,500,370,130,250,250,10,117.75180689614,96.875549145908,Hard,71.19188125,3.3,98,73,13,18,15,74,8,39,74,48,77,14,41
1,France,0,71,2,500,370,130,250,250,10,115.50361379227,93.751098291815,Hard,70.015280089536,3.3,98,73,13,18,15,74,8,39,74,48,77,14,41
1,France,0,71,3,500,370,130,250,250,10,113.25542068841,90.626647437723,Hard,71.162678929072,3.3,98,73,13,18,15,74,8,39,74,48,77,14,41
1,France,0,71,4,500,370,130,250,250,10,111.00722758454,87.502196583631,Hard,70.117077768607,3.3,98,73,13,18,15,74,8,39,74,48,77,14,41
1,France,0,71,5,500,370,130,250,250,10,108.75903448068,84.377745729538,Hard,69.616476608143,3.3,98,73,13,18,15,74,8,39,74,48,77,14,41
1,France,0,71,6,500,370,130,250,250,10,106.51084137682,81.253294875446,Hard,70.387875447679,3.3,98,73,13,18,15,74,8,39,74,48,77,14,41
1,France,0,71,7,500,370,130,250,250,10,104.26264827295,78.128844021354,Hard,69.225274287215,3.3,98,73,13,18,15,74,8,39,74,48,77,14,41
1,France,0,71,8,500,370,130,250,250,10,102.01445516909,75.004393167261,Hard,69.97467312675,3.3,98,73,13,18,15,74,8,39,74,48,77,14,41
1,France,0,71,9,500,370,130,250,250,10,99.766262065224,71.879942313169,Hard,70.727071966286,3.3,98,73,13,18,15,74,8,39,74,48,77,14,41
1,France,0,71,10,500,370,130,250,250,10,97.51806896136,68.755491459077,Hard,69.479470805822,3.3,98,73,13,18,15,74,8,39,74,48,77,14,41
1,France,0,71,11,500,370,130,250,250,10,95.269875857496,65.631040604985,Hard,69.568869645358,3.3,98,73,13,18,15,74,8,39,74,48,77,14,41
1,France,0,71,12,500,370,130,250,250,10,93.021682753632,62.506589750892,Hard,69.730268484893,3.3,98,73,13,18,15,74,8,39,74,48,77,14,41
1,France,0,71,13,500,370,130,250,250,10,90.773489649768,59.3821388968,Hard,68.589667324429,3.3,98,73,13,18,15,74,8,39,74,48,77,14,41
1,France,0,71,14,500,370,130,250,250,10,88.525296545904,56.257688042708,Hard,69.586066163965,3.3,98,73,13,18,15,74,8,39,74,48,77,14,41
1,France,0,71,15,500,370,130,250,250,10,86.27710344204,53.133237188615,Hard,69.719465003501,3.3,98,73,13,18,15,74,8,39,74,48,77,14,41
1,France,0,71,16,500,370,130,250,250,10,84.028910338176,50.008786334523,Hard,69.575863843036,3.3,98,73,13,18,15,74,8,39,74,48,77,14,41
1,France,0,71,17,500,370,130,250,250,10,81.780717234312,46.884335480431,Hard,68.750262682572,3.3,98,73,13,18,15,74,8,39,74,48,77,14,41
1,France,0,71,18,500,370,130,250,250,10,79.532524130448,43.759884626338,Hard,69.615661522108,3.3,98,73,13,18,15,74,8,39,74,48,77,14,41
1,France,0,71,19,500,370,130,250,250,10,77.284331026584,40.635433772246,Hard,69.333060361644,3.3,98,73,13,18,15,74,8,39,74,48,77,14,41
1,France,0,71,20,500,370,130,250,250,10,75.036137922719,37.510982918154,Hard,67.69045920118,3.3,98,73,13,18,15,74,8,39,74,48,77,14,41
1,France,0,71,21,500,370,130,250,250,10,72.787944818855,34.386532064061,Hard,67.592858040715,3.3,98,73,13,18,15,74,8,39,74,48,77,14,41
1,France,0,71,22,500,370,130,250,250,10,70.539751714991,31.262081209969,Hard,69.060256880251,3.3,98,73,13,18,15,74,8,39,74,48,77,14,41
1,France,0,71,23,500,370,130,250,250,10,68.291558611127,28.137630355877,Hard,68.032655719787,3.3,98,73,13,18,15,74,8,39,74,48,77,14,41
1,France,0,71,24,500,370,130,250,250,10,66.043365507263,25.013179501784,Hard,67.051054559323,3.3,98,73,13,18,15,74,8,39,74,48,77,14,41
1,France,0,71,25,500,370,130,250,250,10,63.795172403399,21.888728647692,Hard,68.827453398858,3.3,98,73,13,18,15,74,8,39,74,48,77,14,41
1,France,0,72,1,500,370,130,250,250,10,2.751806896136,94.101197707118,Soft,63.83172275,3.3,98,73,13,18,15,74,8,39,74,48,77,14,41
1,France,0,72,2,500,370,130,250,250,10,0.50361379227196,88.202395414235,Soft,63.513121589536,3.3,98,73,13,18,15,74,8,39,74,48,77,14,41
1,France,0,73,1,500,370,130,250,250,10,97.751806896136,94.101197707118,Soft,69.16563275,3.3,98,73,13,18,15,74,8,39,74,48,77,14,41
1,France,0,74,1,500,370,130,250,250,10,77.751806896136,94.101197707118,Soft,68.70507275,3.3,98,73,13,18,15,74,8,39,74,48,77,14,41
1,France,0,75,1,500,370,130,250,250,10,57.751806896136,94.101197707118,Soft,67.55951275,3.3,98,73,13,18,15,74,8,39,74,48,77,14,41
1,France,0,76,1,500,370,130,250,250,10,37.751806896136,94.101197707118,Soft,66.78895275,3.3,98,73,13,18,15,74,8,39,74,48,77,14,41
1,France,0,77,1,500,370,130,250,250,10,17.751806896136,94.101197707118,Soft,64.89039275,3.3,98,73,13,18,15,74,8,39,74,48,77,14,41
1,France,0,78,1,500,370,130,250,250,10,97.751806896136,96.875549145908,Hard,69.86532125,3.3,98,73,13,18,15,74,8,39,74,48,77,14,41
1,France,0,79,1,500,370,130,250,250,10,77.751806896136,96.875549145908,Hard,69.29176125,3.3,98,73,13,18,15,74,8,39,74,48,77,14,41
1,France,0,80,1,500,370,130,250,250,10,57.751806896136,96.875549145908,Hard,67.69820125,3.3,98,73,13,18,15,74,8,39,74,48,77,14,41
1,France,0,81,1,500,370,130,250,250,10,37.751806896136,96.875549145908,Hard,66.39364125,3.3,98,73,13,18,15,74,8,39,74,48,77,14,41
1,France,0,82,1,500,370,130,250,250,10,17.751806896136,96.875549145908,Hard,64.46408125,3.3,98,73,13,18,15,74,8,39,74,48,77,14,41
1,France,0,83,1,500,370,130,250,250,10,117.75180689614,95.760782770177,Medium,71.41020225,3.3,98,73,13,18,15,74,8,39,74,48,77,14,41
1,France,0,83,2,500,370,130,250,250,10,115.50361379227,91.521565540354,Medium,71.275601089536,3.3,98,73,13,18,15,74,8,39,74,48,77,14,41
1,France,0,83,3,500,370,130,250,250,10,113.25542068841,87.282348310531,Medium,70.106999929072,3.3,98,73,13,18,15,74,8,39,74,48,77,14,41
1,France,0,84,1,500,370,130,250,250,10,117.75180689614,94.101197707118,Soft,70.96219275,3.3,98,73,13,18,15,74,8,39,74,48,77,14,41
1,France,0,84,2,500,370,130,250,250,10,115.50361379227,88.202395414235,Soft,69.908591589536,3.3,98,73,13,18,15,74,8,39,74,48,77,14,41
1,France,0,84,3,500,370,130,250,250,10,113.25542068841,82.303593121353,Soft,69.819990429072,3.3,98,73,13,18,15,74,8,39,74,48,77,14,41
1,France,0,84,4,500,370,130,250,250,10,111.00722758454,76.404790828471,Soft,70.806389268607,3.3,98,73,13,18,15,74,8,39,74,48,77,14,41
1,France,0,84,5,500,370,130,250,250,10,108.75903448068,70.505988535588,Soft,70.192788108143,3.3,98,73,13,18,15,74,8,39,74,48,77,14,41
1,France,0,84,6,500,370,130,250,250,10,106.51084137682,64.607186242706,Soft,69.299186947679,3.3,98,73,13,18,15,74,8,39,74,48,77,14,41
1,France,0,84,7,500,370,130,250,250,10,104.26264827295,58.708383949824,Soft,69.595585787215,3.3,98,73,13,18,15,74,8,39,74,48,77,14,41
1,France,0,84,8,500,370,130,250,250,10,102.01445516909,52.809581656941,Soft,70.43498462675,3.3,98,73,13,18,15,74,8,39,74,48,77,14,41
1,France,0,84,9,500,370,130,250,250,10,99.766262065224,46.910779364059,Soft,68.862383466286,3.3,98,73,13,18,15,74,8,39,74,48,77,14,41
1,France,0,84,10,500,370,130,250,250,10,97.51806896136,41.011977071177,Soft,68.343782305822,3.3,98,73,13,18,15,74,8,39,74,48,77,14,41
2,England,1,0,1,250,250,300,250,250,250,10,100,"Extra Soft",98.83016685,4.9,23,86,2,79,77,1,32,31,96,10,20,97,45
2,England,0,1,1,250,250,300,250,250,250,116.77089672593,96.326579937969,Hard,109.22064735,4.9,23,86,2,79,77,1,32,31,96,10,20,97,45
2,England,0,2,1,250,250,300,250,250,250,116.77089672593,96.326579937969,Hard,108.66264735,4.9,23,86,2,79,77,1,32,31,96,10,20,97,45
2,England,0,3,1,250,250,300,250,250,250,116.77089672593,96.326579937969,Hard,110.10564735,4.9,23,86,2,79,77,1,32,31,96,10,20,97,45
2,England,0,4,1,250,250,300,250,250,250,116.77089672593,96.326579937969,Hard,108.60064735,4.9,23,86,2,79,77,1,32,31,96,10,20,97,45
2,England,0,5,1,10,10,400,250,100,450,116.77089672593,96.326579937969,Hard,112.00869925,4.9,23,86,2,79,77,1,32,31,96,10,20,97,45
2,England,0,6,1,10,10,400,250,100,450,116.77089672593,96.326579937969,Hard,113.65269925,4.9,23,86,2,79,77,1,32,31,96,10,20,97,45
2,England,0,7,1,10,10,400,250,100,450,116.77089672593,96.326579937969,Hard,113.41069925,4.9,23,86,2,79,77,1,32,31,96,10,20,97,45
2,England,0,8,1,10,10,400,250,100,450,116.77089672593,96.326579937969,Hard,112.56469925,4.9,23,86,2,79,77,1,32,31,96,10,20,97,45
2,England,0,9,1,10,10,100,250,100,450,116.77089672593,96.326579937969,Hard,114.94669925,4.9,23,86,2,79,77,1,32,31,96,10,20,97,45
2,England,0,10,1,10,10,100,250,100,450,116.77089672593,96.326579937969,Hard,114.25469925,4.9,23,86,2,79,77,1,32,31,96,10,20,97,45
2,England,0,11,1,10,10,100,250,100,450,116.77089672593,96.326579937969,Hard,114.84569925,4.9,23,86,2,79,77,1,32,31,96,10,20,97,45
2,England,0,12,1,10,10,100,250,100,450,116.77089672593,96.326579937969,Hard,114.96069925,4.9,23,86,2,79,77,1,32,31,96,10,20,97,45
2,England,0,13,1,100,100,400,500,100,200,116.77089672593,96.326579937969,Hard,111.79769925,4.9,23,86,2,79,77,1,32,31,96,10,20,97,45
2,England,0,14,1,100,100,400,500,100,200,116.77089672593,96.326579937969,Hard,111.08469925,4.9,23,86,2,79,77,1,32,31,96,10,20,97,45
2,England,0,15,1,100,100,400,500,100,200,116.77089672593,96.326579937969,Hard,110.79169925,4.9,23,86,2,79,77,1,32,31,96,10,20,97,45
2,England,0,16,1,100,100,400,500,100,200,116.77089672593,96.326579937969,Hard,110.89969925,4.9,23,86,2,79,77,1,32,31,96,10,20,97,45
2,England,0,17,1,100,100,100,50,100,200,116.77089672593,96.326579937969,Hard,111.20119925,4.9,23,86,2,79,77,1,32,31,96,10,20,97,45
2,England,0,18,1,100,100,100,50,100,200,116.77089672593,96.326579937969,Hard,110.24719925,4.9,23,86,2,79,77,1,32,31,96,10,20,97,45
2,England,0,19,1,100,100,100,50,100,200,116.77089672593,96.326579937969,Hard,110.41519925,4.9,23,86,2,79,77,1,32,31,96,10,20,97,45
2,England,0,20,1,100,100,100,50,100,200,116.77089672593,96.326579937969,Hard,110.08419925,4.9,23,86,2,79,77,1,32,31,96,10,20,97,45
2,England,0,21,1,150,150,400,50,100,500,116.77089672593,96.326579937969,Hard,109.50256495,4.9,23,86,2,79,77,1,32,31,96,10,20,97,45
2,England,0,22,1,150,150,400,50,100,500,116.77089672593,96.326579937969,Hard,109.90856495,4.9,23,86,2,79,77,1,32,31,96,10,20,97,45
2,England,0,23,1,150,150,400,50,100,500,116.77089672593,96.326579937969,Hard,108.72156495,4.9,23,86,2,79,77,1,32,31,96,10,20,97,45
2,England,0,24,1,150,150,400,50,100,500,116.77089672593,96.326579937969,Hard,108.93556495,4.9,23,86,2,79,77,1,32,31,96,10,20,97,45
2,England,0,25,1,300,300,350,500,100,50,116.77089672593,96.326579937969,Hard,111.49714735,4.9,23,86,2,79,77,1,32,31,96,10,20,97,45
2,England,0,26,1,300,300,350,500,100,50,116.77089672593,96.326579937969,Hard,111.09614735,4.9,23,86,2,79,77,1,32,31,96,10,20,97,45
2,England,0,27,1,300,300,350,500,100,50,116.77089672593,96.326579937969,Hard,110.86114735,4.9,23,86,2,79,77,1,32,31,96,10,20,97,45
2,England,0,28,1,300,300,350,500,100,50,116.77089672593,96.326579937969,Hard,111.09514735,4.9,23,86,2,79,77,1,32,31,96,10,20,97,45
2,England,0,29,1,250,250,300,250,250,250,116.77089672593,96.326579937969,Hard,108.99364735,4.9,23,86,2,79,77,1,32,31,96,10,20,97,45
2,England,0,30,1,10,10,400,250,100,450,116.77089672593,96.326579937969,Hard,112.30769925,4.9,23,86,2,79,77,1,32,31,96,10,20,97,45
2,England,0,31,1,100,100,400,500,100,200,116.77089672593,96.326579937969,Hard,112.11569925,4.9,23,86,2,79,77,1,32,31,96,10,20,97,45
2,England,0,32,1,100,100,100,50,100,200,116.77089672593,96.326579937969,Hard,110.16719925,4.9,23,86,2,79,77,1,32,31,96,10,20,97,45
2,England,0,33,1,150,150,400,50,100,500,116.77089672593,96.326579937969,Hard,109.03556495,4.9,23,86,2,79,77,1,32,31,96,10,20,97,45
2,England,0,34,1,300,300,350,500,100,50,116.77089672593,96.326579937969,Hard,111.71514735,4.9,23,86,2,79,77,1,32,31,96,10,20,97,45
2,England,0,35,1,250,250,300,250,250,250,116.77089672593,96.326579937969,Hard,108.24064735,4.9,23,86,2,79,77,1,32,31,96,10,20,97,45
2,England,0,36,1,100,100,400,500,100,200,116.77089672593,96.326579937969,Hard,111.07869925,4.9,23,86,2,79,77,1,32,31,96,10,20,97,45
2,England,0,37,1,100,100,100,50,100,200,116.77089672593,96.326579937969,Hard,109.45319925,4.9,23,86,2,79,77,1,32,31,96,10,20,97,45
2,England,0,38,1,150,150,400,50,100,500,116.77089672593,96.326579937969,Hard,109.94656495,4.9,23,86,2,79,77,1,32,31,96,10,20,97,45
2,England,0,39,1,300,300,350,500,100,50,116.77089672593,96.326579937969,Hard,110.04114735,4.9,23,86,2,79,77,1,32,31,96,10,20,97,45
2,England,0,40,1,250,250,300,250,250,250,116.77089672593,96.326579937969,Hard,109.97264735,4.9,23,86,2,79,77,1,32,31,96,10,20,97,45
2,England,0,41,1,100,100,100,50,100,200,116.77089672593,96.326579937969,Hard,110.21219925,4.9,23,86,2,79,77,1,32,31,96,10,20,97,45
2,England,0,42,1,150,150,400,50,100,500,116.77089672593,96.326579937969,Hard,110.01156495,4.9,23,86,2,79,77,1,32,31,96,10,20,97,45
2,England,0,43,1,300,300,350,500,100,50,116.77089672593,96.326579937969,Hard,110.28614735,4.9,23,86,2,79,77,1,32,31,96,10,20,97,45
2,England,0,44,1,250,250,300,250,250,250,116.77089672593,96.326579937969,Hard,108.57064735,4.9,23,86,2,79,77,1,32,31,96,10,20,97,45
2,England,0,45,1,250,250,300,250,250,250,116.77089672593,96.326579937969,Hard,108.90064735,4.9,23,86,2,79,77,1,32,31,96,10,20,97,45
2,England,0,46,1,100,100,100,50,100,200,116.77089672593,96.326579937969,Hard,110.70919925,4.9,23,86,2,79,77,1,32,31,96,10,20,97,45
2,England,0,47,1,100,100,100,50,100,200,116.77089672593,96.326579937969,Hard,110.92019925,4.9,23,86,2,79,77,1,32,31,96,10,20,97,45
2,England,0,48,1,150,150,400,50,100,500,116.77089672593,96.326579937969,Hard,108.80356495,4.9,23,86,2,79,77,1,32,31,96,10,20,97,45
2,England,0,49,1,150,150,400,50,100,500,116.77089672593,96.326579937969,Hard,110.11456495,4.9,23,86,2,79,77,1,32,31,96,10,20,97,45
2,England,0,50,1,150,150,400,50,100,500,116.77089672593,96.326579937969,Hard,109.02056495,4.9,23,86,2,79,77,1,32,31,96,10,20,97,45
2,England,0,51,1,150,150,400,50,100,500,116.77089672593,96.326579937969,Hard,109.01656495,4.9,23,86,2,79,77,1,32,31,96,10,20,97,45
2,England,0,52,1,150,150,400,50,100,500,116.77089672593,96.326579937969,Hard,109.48856495,4.9,23,86,2,79,77,1,32,31,96,10,20,97,45
2,England,0,53,1,150,150,400,50,100,500,116.77089672593,96.326579937969,Hard,110.60456495,4.9,23,86,2,79,77,1,32,31,96,10,20,97,45
2,England,0,54,1,250,250,300,250,250,250,116.77089672593,96.326579937969,Hard,109.10764735,4.9,23,86,2,79,77,1,32,31,96,10,20,97,45
2,England,0,55,1,250,250,300,250,250,250,116.77089672593,96.326579937969,Hard,108.14064735,4.9,23,86,2,79,77,1,32,31,96,10,20,97,45
2,England,0,56,1,250,250,300,250,250,250,116.77089672593,96.326579937969,Hard,109.72064735,4.9,23,86,2,79,77,1,32,31,96,10,20,97,45
2,England,0,57,1,250,250,300,250,250,250,116.77089672593,96.326579937969,Hard,109.83464735,4.9,23,86,2,79,77,1,32,31,96,10,20,97,45
2,England,0,58,1,250,250,300,250,250,250,116.77089672593,95.542888870211,Medium,109.00476035,4.9,23,86,2,79,77,1,32,31,96,10,20,97,45
2,England,0,59,1,250,250,300,250,250,250,116.77089672593,94.489656748349,Soft,107.45480685,4.9,23,86,2,79,77,1,32,31,96,10,20,97,45
2,England,0,60,1,250,250,300,250,250,250,116.77089672593,87.329884303744,"Extra Soft",108.39630685,4.9,23,86,2,79,77,1,32,31,96,10,20,97,45
2,England,0,61,1,250,250,300,250,250,250,64.770896725927,96.326579937969,Hard,104.53867935,4.9,23,86,2,79,77,1,32,31,96,10,20,97,45
2,England,0,61,2,250,250,300,250,250,250,61.541793451854,92.653159875937,Hard,104.23007473332,4.9,23,86,2,79,77,1,32,31,96,10,20,97,45
2,England,0,61,3,250,250,300,250,250,250,58.312690177781,88.979739813906,Hard,104.50847011665,4.9,23,86,2,79,77,1,32,31,96,10,20,97,45
2,England,0,61,4,250,250,300,250,250,250,55.083586903708,85.306319751875,Hard,103.91286549997,4.9,23,86,2,79,77,1,32,31,96,10,20,97,45
2,England,0,61,5,250,250,300,250,250,250,51.854483629634,81.632899689843,Hard,104.6492608833,4.9,23,86,2,79,77,1,32,31,96,10,20,97,45
2,England,0,61,6,250,250,300,250,250,250,48.625380355561,77.959479627812,Hard,102.99565626662,4.9,23,86,2,79,77,1,32,31,96,10,20,97,45
2,England,0,61,7,250,250,300,250,250,250,45.396277081488,74.286059565781,Hard,103.53205164995,4.9,23,86,2,79,77,1,32,31,96,10,20,97,45
2,England,0,61,8,250,250,300,250,250,250,42.167173807415,70.612639503749,Hard,102.06944703327,4.9,23,86,2,79,77,1,32,31,96,10,20,97,45
2,England,0,61,9,250,250,300,250,250,250,38.938070533342,66.939219441718,Hard,103.62484241659,4.9,23,86,2,79,77,1,32,31,96,10,20,97,45
2,England,0,61,10,250,250,300,250,250,250,35.708967259269,63.265799379687,Hard,101.97723779992,4.9,23,86,2,79,77,1,32,31,96,10,20,97,45
2,England,0,61,11,250,250,300,250,250,250,32.479863985196,59.592379317655,Hard,103.07463318324,4.9,23,86,2,79,77,1,32,31,96,10,20,97,45
2,England,0,61,12,250,250,300,250,250,250,29.250760711123,55.918959255624,Hard,101.25302856657,4.9,23,86,2,79,77,1,32,31,96,10,20,97,45
2,England,0,61,13,250,250,300,250,250,250,26.02165743705,52.245539193593,Hard,102.21642394989,4.9,23,86,2,79,77,1,32,31,96,10,20,97,45
2,England,0,61,14,250,250,300,250,250,250,22.792554162976,48.572119131561,Hard,101.04781933322,4.9,23,86,2,79,77,1,32,31,96,10,20,97,45
2,England,0,61,15,250,250,300,250,250,250,19.563450888903,44.89869906953,Hard,101.99221471654,4.9,23,86,2,79,77,1,32,31,96,10,20,97,45
2,England,0,61,16,250,250,300,250,250,250,16.33434761483,41.225279007499,Hard,101.51261009986,4.9,23,86,2,79,77,1,32,31,96,10,20,97,45
2,England,0,61,17,250,250,300,250,250,250,13.105244340757,37.551858945468,Hard,101.37100548319,4.9,23,86,2,79,77,1,32,31,96,10,20,97,45
2,England,0,61,18,250,250,300,250,250,250,9.876141066684,33.878438883436,Hard,100.13340086651,4.9,23,86,2,79,77,1,32,31,96,10,20,97,45
2,England,0,61,19,250,250,300,250,250,250,6.6470377926109,30.205018821405,Hard,100.07579624984,4.9,23,86,2,79,77,1,32,31,96,10,20,97,45
2,England,0,62,1,250,250,300,250,250,250,48.770896725927,95.542888870211,Medium,102.23264835,4.9,23,86,2,79,77,1,32,31,96,10,20,97,45
2,England,0,62,2,250,250,300,250,250,250,45.541793451854,91.085777740423,Medium,102.98804373332,4.9,23,86,2,79,77,1,32,31,96,10,20,97,45
2,England,0,62,3,250,250,300,250,250,250,42.312690177781,86.628666610634,Medium,101.92843911665,4.9,23,86,2,79,77,1,32,31,96,10,20,97,45
2,England,0,62,4,250,250,300,250,250,250,39.083586903708,82.171555480846,Medium,101.74483449997,4.9,23,86,2,79,77,1,32,31,96,10,20,97,45
2,England,0,62,5,250,250,300,250,250,250,35.854483629634,77.714444351057,Medium,101.4772298833,4.9,23,86,2,79,77,1,32,31,96,10,20,97,45
2,England,0,62,6,250,250,300,250,250,250,32.625380355561,73.257333221269,Medium,101.64062526662,4.9,23,86,2,79,77,1,32,31,96,10,20,97,45
2,England,0,62,7,250,250,300,250,250,250,29.396277081488,68.80022209148,Medium,101.95802064995,4.9,23,86,2,79,77,1,32,31,96,10,20,97,45
2,England,0,62,8,250,250,300,250,250,250,26.167173807415,64.343110961692,Medium,101.19441603327,4.9,23,86,2,79,77,1,32,31,96,10,20,97,45
2,England,0,62,9,250,250,300,250,250,250,22.938070533342,59.885999831903,Medium,100.39981141659,4.9,23,86,2,79,77,1,32,31,96,10,20,97,45
2,England,0,62,10,250,250,300,250,250,250,19.708967259269,55.428888702115,Medium,100.67120679992,4.9,23,86,2,79,77,1,32,31,96,10,20,97,45
2,England,0,62,11,250,250,300,250,250,250,16.479863985196,50.971777572326,Medium,100.26260218324,4.9,23,86,2,79,77,1,32,31,96,10,20,97,45
2,England,0,62,12,250,250,300,250,250,250,13.250760711123,46.514666442538,Medium,101.03799756657,4.9,23,86,2,79,77,1,32,31,96,10,20,97,45
2,England,0,62,13,250,250,300,250,250,250,10.02165743705,42.057555312749,Medium,100.99639294989,4.9,23,86,2,79,77,1,32,31,96,10,20,97,45
2,England,0,62,14,250,250,300,250,250,250,6.7925541629764,37.600444182961,Medium,99.827788333216,4.9,23,86,2,79,77,1,32,31,96,10,20,97,45
2,England,0,62,15,250,250,300,250,250,250,3.5634508889033,33.143333053172,Medium,98.58618371654,4.9,23,86,2,79,77,1,32,31,96,10,20,97,45
2,England,0,63,1,250,250,300,250,250,250,48.770896725927,94.489656748349,Soft,103.34569485,4.9,23,86,2,79,77,1,32,31,96,10,20,97,45
2,England,0,63,2,250,250,300,250,250,250,45.541793451854,88.979313496697,Soft,102.82009023332,4.9,23,86,2,79,77,1,32,31,96,10,20,97,45
2,England,0,63,3,250,250,300,250,250,250,42.312690177781,83.468970245046,Soft,102.21448561665,4.9,23,86,2,79,77,1,32,31,96,10,20,97,45
2,England,0,63,4,250,250,300,250,250,250,39.083586903708,77.958626993395,Soft,102.87988099997,4.9,23,86,2,79,77,1,32,31,96,10,20,97,45
2,England,0,63,5,250,250,300,250,250,250,35.854483629634,72.448283741743,Soft,101.4152763833,4.9,23,86,2,79,77,1,32,31,96,10,20,97,45
2,England,0,63,6,250,250,300,250,250,250,32.625380355561,66.937940490092,Soft,100.63867176662,4.9,23,86,2,79,77,1,32,31,96,10,20,97,45
2,England,0,63,7,250,250,300,250,250,250,29.396277081488,61.427597238441,Soft,100.62406714995,4.9,23,86,2,79,77,1,32,31,96,10,20,97,45
2,England,0,63,8,250,250,300,250,250,250,26.167173807415,55.91725398679,Soft,100.51946253327,4.9,23,86,2,79,77,1,32,31,96,10,20,97,45
2,England,0,63,9,250,250,300,250,250,250,22.938070533342,50.406910735138,Soft,100.91785791659,4.9,23,86,2,79,77,1,32,31,96,10,20,97,45
2,England,0,63,10,250,250,300,250,250,250,19.708967259269,44.896567483487,Soft,99.616253299919,4.9,23,86,2,79,77,1,32,31,96,10,20,97,45
2,England,0,63,11,250,250,300,250,250,250,16.479863985196,39.386224231836,Soft,99.852648683243,4.9,23,86,2,79,77,1,32,31,96,10,20,97,45
2,England,0,63,12,250,250,300,250,250,250,13.250760711123,33.875880980184,Soft,99.139044066567,4.9,23,86,2,79,77,1,32,31,96,10,20,97,45
2,England,0,63,13,250,250,300,250,250,250,10.02165743705,28.365537728533,Soft,99.479439449892,4.9,23,86,2,79,77,1,32,31,96,10,20,97,45
2,England,0,63,14,250,250,300,250,250,250,6.7925541629764,22.855194476882,Soft,98.853834833216,4.9,23,86,2,79,77,1,32,31,96,10,20,97,45
2,England,0,63,15,250,250,300,250,250,250,3.5634508889033,17.34485122523,Soft,98.20123021654,4.9,23,86,2,79,77,1,32,31,96,10,20,97,45
2,England,0,64,1,250,250,300,250,250,250,38.770896725927,94.489656748349,Soft,101.35635485,4.9,23,86,2,79,77,1,32,31,96,10,20,97,45
2,England,0,64,2,250,250,300,250,250,250,35.541793451854,88.979313496697,Soft,102.00975023332,4.9,23,86,2,79,77,1,32,31,96,10,20,97,45
2,England,0,64,3,250,250,300,250,250,250,32.312690177781,83.468970245046,Soft,102.18414561665,4.9,23,86,2,79,77,1,32,31,96,10,20,97,45
2,England,0,64,4,250,250,300,250,250,250,29.083586903708,77.958626993395,Soft,101.00254099997,4.9,23,86,2,79,77,1,32,31,96,10,20,97,45
2,England,0,64,5,250,250,300,250,250,250,25.854483629634,72.448283741743,Soft,101.2419363833,4.9,23,86,2,79,77,1,32,31,96,10,20,97,45
2,England,0,64,6,250,250,300,250,250,250,22.625380355561,66.937940490092,Soft,99.938331766622,4.9,23,86,2,79,77,1,32,31,96,10,20,97,45
2,England,0,64,7,250,250,300,250,250,250,19.396277081488,61.427597238441,Soft,99.557727149946,4.9,23,86,2,79,77,1,32,31,96,10,20,97,45
2,England,0,64,8,250,250,300,250,250,250,16.167173807415,55.91725398679,Soft,100.34312253327,4.9,23,86,2,79,77,1,32,31,96,10,20,97,45
2,England,0,64,9,250,250,300,250,250,250,12.938070533342,50.406910735138,Soft,99.644517916595,4.9,23,86,2,79,77,1,32,31,96,10,20,97,45
2,England,0,64,10,250,250,300,250,250,250,9.7089672592689,44.896567483487,Soft,99.691913299919,4.9,23,86,2,79,77,1,32,31,96,10,20,97,45
2,England,0,64,11,250,250,300,250,250,250,6.4798639851957,39.386224231836,Soft,99.365308683243,4.9,23,86,2,79,77,1,32,31,96,10,20,97,45
3,Belgium,0,1,1,441,477,50,175,179,72,96.629586200873,96.07645939696,Soft,101.83281085,4.9,95,98,38,9,20,78,15,7,68,54,6,37,64
3,Belgium,0,2,1,441,477,50,175,179,72,96.629586200873,96.07645939696,Soft,99.98381085,4.9,95,98,38,9,20,78,15,7,68,54,6,37,64
3,Belgium,0,3,1,480,282,47,461,88,9,96.629586200873,96.07645939696,Soft,103.46893225,4.9,95,98,38,9,20,78,15,7,68,54,6,37,64
3,Belgium,0,4,1,480,282,47,461,88,9,96.629586200873,96.07645939696,Soft,104.54093225,4.9,95,98,38,9,20,78,15,7,68,54,6,37,64
3,Belgium,0,5,1,482,438,109,435,62,75,96.629586200873,96.07645939696,Soft,103.99743225,4.9,95,98,38,9,20,78,15,7,68,54,6,37,64
3,Belgium,0,6,1,482,438,109,435,62,75,96.629586200873,96.07645939696,Soft,102.87943225,4.9,95,98,38,9,20,78,15,7,68,54,6,37,64
3,Belgium,0,7,1,399,311,16,477,106,46,96.629586200873,96.07645939696,Soft,105.04853225,4.9,95,98,38,9,20,78,15,7,68,54,6,37,64
3,Belgium,0,8,1,399,311,16,477,106,46,96.629586200873,96.07645939696,Soft,104.87953225,4.9,95,98,38,9,20,78,15,7,68,54,6,37,64
3,Belgium,0,9,1,380,228,100,136,93,2,96.629586200873,96.07645939696,Soft,104.18695125,4.9,95,98,38,9,20,78,15,7,68,54,6,37,64
3,Belgium,0,10,1,380,228,100,136,93,2,96.629586200873,96.07645939696,Soft,103.78395125,4.9,95,98,38,9,20,78,15,7,68,54,6,37,64
3,Belgium,0,11,1,476,299,34,71,119,69,96.629586200873,96.07645939696,Soft,101.68650125,4.9,95,98,38,9,20,78,15,7,68,54,6,37,64
3,Belgium,0,12,1,476,299,34,71,119,69,96.629586200873,96.07645939696,Soft,102.62250125,4.9,95,98,38,9,20,78,15,7,68,54,6,37,64
3,Belgium,0,13,1,489,415,35,406,34,46,96.629586200873,96.07645939696,Soft,102.86263225,4.9,95,98,38,9,20,78,15,7,68,54,6,37,64
3,Belgium,0,14,1,489,415,35,406,34,46,96.629586200873,96.07645939696,Soft,103.43863225,4.9,95,98,38,9,20,78,15,7,68,54,6,37,64
3,Belgium,0,15,1,362,183,86,106,183,6,96.629586200873,96.07645939696,Soft,104.73862985,4.9,95,98,38,9,20,78,15,7,68,54,6,37,64
3,Belgium,0,16,1,362,183,86,106,183,6,96.629586200873,96.07645939696,Soft,104.53262985,4.9,95,98,38,9,20,78,15,7,68,54,6,37,64
3,Belgium,0,17,1,409,446,89,258,204,36,96.629586200873,96.07645939696,Soft,102.92471085,4.9,95,98,38,9,20,78,15,7,68,54,6,37,64
3,Belgium,0,18,1,409,446,89,258,204,36,96.629586200873,96.07645939696,Soft,101.72871085,4.9,95,98,38,9,20,78,15,7,68,54,6,37,64
3,Belgium,0,19,1,469,199,97,211,254,34,96.629586200873,96.07645939696,Soft,103.78131085,4.9,95,98,38,9,20,78,15,7,68,54,6,37,64
3,Belgium,0,20,1,469,199,97,211,254,34,96.629586200873,96.07645939696,Soft,104.36131085,4.9,95,98,38,9,20,78,15,7,68,54,6,37,64
3,Belgium,0,21,1,445,384,23,239,244,64,96.629586200873,96.07645939696,Soft,102.17786085,4.9,95,98,38,9,20,78,15,7,68,54,6,37,64
3,Belgium,0,22,1,445,384,23,239,244,64,96.629586200873,96.07645939696,Soft,102.83386085,4.9,95,98,38,9,20,78,15,7,68,54,6,37,64
3,Belgium,0,23,1,460,480,15,306,168,23,96.629586200873,96.07645939696,Soft,102.03671085,4.9,95,98,38,9,20,78,15,7,68,54,6,37,64
3,Belgium,0,24,1,460,480,15,306,168,23,96.629586200873,96.07645939696,Soft,100.19671085,4.9,95,98,38,9,20,78,15,7,68,54,6,37,64
3,Belgium,0,25,1,367,334,9,386,133,65,96.629586200873,96.07645939696,Soft,104.42358225,4.9,95,98,38,9,20,78,15,7,68,54,6,37,64
3,Belgium,0,26,1,367,334,9,386,133,65,96.629586200873,96.07645939696,Soft,104.26858225,4.9,95,98,38,9,20,78,15,7,68,54,6,37,64
3,Belgium,0,27,1,376,461,75,54,44,79,96.629586200873,96.07645939696,Soft,104.06185125,4.9,95,98,38,9,20,78,15,7,68,54,6,37,64
3,Belgium,0,28,1,376,461,75,54,44,79,96.629586200873,96.07645939696,Soft,103.59185125,4.9,95,98,38,9,20,78,15,7,68,54,6,37,64
3,Belgium,0,29,1,494,355,29,350,57,20,96.629586200873,96.07645939696,Soft,102.88903225,4.9,95,98,38,9,20,78,15,7,68,54,6,37,64
3,Belgium,0,30,1,494,355,29,350,57,20,96.629586200873,96.07645939696,Soft,101.82603225,4.9,95,98,38,9,20,78,15,7,68,54,6,37,64
3,Belgium,0,31,1,430,205,67,86,74,49,96.629586200873,96.07645939696,Soft,104.83355125,4.9,95,98,38,9,20,78,15,7,68,54,6,37,64
3,Belgium,0,32,1,430,205,67,86,74,49,96.629586200873,96.07645939696,Soft,104.84455125,4.9,95,98,38,9,20,78,15,7,68,54,6,37,64
3,Belgium,0,33,1,427,271,66,263,21,55,96.629586200873,96.07645939696,Soft,104.12623225,4.9,95,98,38,9,20,78,15,7,68,54,6,37,64
3,Belgium,0,34,1,427,271,66,263,21,55,96.629586200873,96.07645939696,Soft,103.80223225,4.9,95,98,38,9,20,78,15,7,68,54,6,37,64
3,Belgium,0,35,1,373,429,41,148,293,27,96.629586200873,96.07645939696,Soft,103.08307985,4.9,95,98,38,9,20,78,15,7,68,54,6,37,64
3,Belgium,0,36,1,373,429,41,148,293,27,96.629586200873,96.07645939696,Soft,102.37507985,4.9,95,98,38,9,20,78,15,7,68,54,6,37,64
3,Belgium,0,37,1,417,260,38,117,21,41,96.629586200873,96.07645939696,Soft,104.37560125,4.9,95,98,38,9,20,78,15,7,68,54,6,37,64
3,Belgium,0,38,1,417,260,38,117,21,41,96.629586200873,96.07645939696,Soft,103.11860125,4.9,95,98,38,9,20,78,15,7,68,54,6,37,64
3,Belgium,0,39,1,498,317,60,446,211,9,96.629586200873,96.07645939696,Soft,103.11636085,4.9,95,98,38,9,20,78,15,7,68,54,6,37,64
3,Belgium,0,40,1,498,317,60,446,211,9,96.629586200873,96.07645939696,Soft,103.21536085,4.9,95,98,38,9,20,78,15,7,68,54,6,37,64
3,Belgium,0,41,1,391,367,83,364,274,31,96.629586200873,96.07645939696,Soft,103.92241085,4.9,95,98,38,9,20,78,15,7,68,54,6,37,64
3,Belgium,0,42,1,391,367,83,364,274,31,96.629586200873,96.07645939696,Soft,103.47941085,4.9,95,98,38,9,20,78,15,7,68,54,6,37,64
3,Belgium,0,43,1,454,346,2,419,192,72,96.629586200873,96.07645939696,Soft,103.87326085,4.9,95,98,38,9,20,78,15,7,68,54,6,37,64
3,Belgium,0,44,1,454,346,2,419,192,72,96.629586200873,96.07645939696,Soft,104.21026085,4.9,95,98,38,9,20,78,15,7,68,54,6,37,64
3,Belgium,0,45,1,406,392,54,168,281,60,96.629586200873,96.07645939696,Soft,102.40437985,4.9,95,98,38,9,20,78,15,7,68,54,6,37,64
3,Belgium,0,46,1,406,392,54,168,281,60,96.629586200873,96.07645939696,Soft,102.86037985,4.9,95,98,38,9,20,78,15,7,68,54,6,37,64
3,Belgium,0,47,1,453,493,78,328,145,16,96.629586200873,96.07645939696,Soft,100.62833225,4.9,95,98,38,9,20,78,15,7,68,54,6,37,64
3,Belgium,0,48,1,453,493,78,328,145,16,96.629586200873,96.07645939696,Soft,101.73533225,4.9,95,98,38,9,20,78,15,7,68,54,6,37,64
3,Belgium,0,49,1,425,181,95,230,223,19,96.629586200873,96.07645939696,Soft,104.63886085,4.9,95,98,38,9,20,78,15,7,68,54,6,37,64
3,Belgium,0,50,1,425,181,95,230,223,19,96.629586200873,96.07645939696,Soft,103.58286085,4.9,95,98,38,9,20,78,15,7,68,54,6,37,64
3,Belgium,0,51,1,439,244,106,294,231,26,96.629586200873,96.07645939696,Soft,103.31941085,4.9,95,98,38,9,20,78,15,7,68,54,6,37,64
3,Belgium,0,52,1,439,244,106,294,231,26,96.629586200873,96.07645939696,Soft,104.80941085,4.9,95,98,38,9,20,78,15,7,68,54,6,37,64
3,Belgium,0,53,1,395,218,23,189,11,13,96.629586200873,96.07645939696,Soft,104.36283225,4.9,95,98,38,9,20,78,15,7,68,54,6,37,64
3,Belgium,0,54,1,395,218,23,189,11,13,96.629586200873,96.07645939696,Soft,104.06583225,4.9,95,98,38,9,20,78,15,7,68,54,6,37,64
3,Belgium,0,55,1,414,403,56,280,155,53,96.629586200873,96.07645939696,Soft,101.30796085,4.9,95,98,38,9,20,78,15,7,68,54,6,37,64
3,Belgium,0,56,1,414,403,56,280,155,53,96.629586200873,96.07645939696,Soft,101.64296085,4.9,95,98,38,9,20,78,15,7,68,54,6,37,64
3,Belgium,0,57,1,385,249,70,65,128,58,96.629586200873,96.07645939696,Soft,102.88955125,4.9,95,98,38,9,20,78,15,7,68,54,6,37,64
3,Belgium,0,58,1,385,249,70,65,128,58,96.629586200873,96.07645939696,Soft,104.73055125,4.9,95,98,38,9,20,78,15,7,68,54,6,37,64
3,Belgium,0,59,1,467,373,5,337,269,40,96.629586200873,96.07645939696,Soft,103.40036085,4.9,95,98,38,9,20,78,15,7,68,54,6,37,64
3,Belgium,0,60,1,467,373,5,337,269,40,96.629586200873,96.07645939696,Soft,102.99636085,4.9,95,98,38,9,20,78,15,7,68,54,6,37,64
